,mean,sd,hdi_3%,hdi_97%,mcse_mean,mcse_sd,ess_bulk,ess_tail,r_hat
intercept,5.702,0.019,5.664,5.737,0.002,0.001,92.409,184.405,1.031
beta_gpt2_surprisal,0.014,0.002,0.011,0.017,0.0,0.0,6336.43,6083.915,1.0
beta_integration_cost,-0.001,0.001,-0.003,0.002,0.0,0.0,14634.653,6341.865,1.0
u0_raw[0],-0.767,0.107,-0.969,-0.565,0.009,0.003,146.26,596.369,1.026
u0_raw[1],-0.141,0.09,-0.309,0.025,0.008,0.003,117.271,302.37,1.025
u0_raw[2],-0.752,0.11,-0.954,-0.546,0.009,0.003,148.523,694.028,1.025
u0_raw[3],-1.094,0.121,-1.323,-0.869,0.009,0.003,162.154,700.518,1.024
u0_raw[4],-1.699,0.139,-1.978,-1.456,0.011,0.003,163.838,590.304,1.029
u0_raw[5],0.828,0.108,0.629,1.036,0.008,0.003,189.651,574.54,1.009
u0_raw[6],1.206,0.171,0.887,1.534,0.008,0.003,471.721,1544.403,1.004
u0_raw[7],0.135,0.097,-0.051,0.313,0.008,0.003,150.262,427.411,1.017
u0_raw[8],0.765,0.106,0.57,0.965,0.008,0.003,189.677,470.703,1.009
u0_raw[9],-0.664,0.203,-1.041,-0.288,0.008,0.002,611.344,2932.058,1.008
u0_raw[10],-0.528,0.104,-0.721,-0.333,0.009,0.003,142.72,585.37,1.025
u0_raw[11],-0.061,0.1,-0.249,0.121,0.008,0.002,149.043,456.074,1.019
u0_raw[12],0.359,0.099,0.172,0.543,0.008,0.003,162.191,467.285,1.014
u0_raw[13],1.705,0.197,1.317,2.06,0.009,0.004,521.406,1410.555,1.002
u0_raw[14],0.111,0.099,-0.073,0.293,0.008,0.002,144.31,451.135,1.02
u0_raw[15],-1.695,0.142,-1.965,-1.429,0.01,0.004,192.44,621.597,1.025
u0_raw[16],-0.239,0.112,-0.44,-0.025,0.009,0.002,172.077,689.152,1.02
u0_raw[17],0.664,0.106,0.471,0.865,0.008,0.003,195.186,525.88,1.009
u0_raw[18],-0.935,0.349,-1.58,-0.283,0.006,0.004,3215.236,4881.219,1.002
u0_raw[19],-0.694,0.106,-0.884,-0.489,0.009,0.003,139.336,538.464,1.025
u0_raw[20],-0.368,0.103,-0.558,-0.174,0.009,0.002,141.417,478.219,1.025
u0_raw[21],-0.119,0.101,-0.298,0.086,0.008,0.003,148.355,388.948,1.02
u0_raw[22],0.905,0.111,0.698,1.108,0.008,0.003,206.311,624.179,1.008
u0_raw[23],-1.028,0.114,-1.236,-0.809,0.01,0.003,138.635,550.035,1.031
u0_raw[24],-1.755,0.139,-2.002,-1.483,0.011,0.004,163.096,550.919,1.029
u0_raw[25],1.134,0.118,0.923,1.366,0.008,0.003,217.175,586.966,1.006
u0_raw[26],1.285,0.119,1.042,1.489,0.008,0.004,212.406,529.918,1.005
u0_raw[27],-0.347,0.133,-0.601,-0.102,0.008,0.002,257.771,1475.205,1.013
u0_raw[28],-0.175,0.101,-0.364,0.007,0.008,0.002,148.584,638.905,1.021
u0_raw[29],0.511,0.103,0.321,0.706,0.008,0.003,184.683,513.262,1.012
u0_raw[30],0.867,0.109,0.663,1.068,0.008,0.003,200.55,479.505,1.007
u0_raw[31],0.494,0.106,0.298,0.696,0.008,0.002,187.841,510.172,1.012
u0_raw[32],-0.068,0.103,-0.26,0.124,0.008,0.002,156.788,533.157,1.019
u0_raw[33],-0.716,0.108,-0.911,-0.506,0.009,0.003,143.393,467.913,1.027
u0_raw[34],0.428,0.101,0.237,0.613,0.008,0.003,159.661,392.29,1.014
u0_raw[35],0.317,0.091,0.15,0.491,0.008,0.003,132.117,315.952,1.018
u0_raw[36],-0.84,0.109,-1.048,-0.637,0.009,0.003,141.116,609.599,1.028
u0_raw[37],0.752,0.107,0.551,0.956,0.008,0.003,191.084,562.055,1.01
u0_raw[38],-0.681,0.109,-0.877,-0.466,0.009,0.002,147.516,527.287,1.025
u0_raw[39],0.08,0.1,-0.109,0.265,0.008,0.002,150.361,528.345,1.017
u0_raw[40],-0.961,0.332,-1.593,-0.352,0.006,0.004,2668.643,5079.508,1.002
u0_raw[41],-0.129,0.11,-0.336,0.075,0.008,0.002,182.521,585.165,1.017
u0_raw[42],0.212,0.1,0.033,0.406,0.008,0.002,166.238,411.731,1.015
u0_raw[43],-0.234,0.107,-0.432,-0.035,0.009,0.002,156.563,697.547,1.019
u0_raw[44],0.327,0.102,0.139,0.519,0.008,0.003,158.311,445.989,1.014
u0_raw[45],-0.666,0.112,-0.862,-0.442,0.009,0.002,157.168,738.751,1.025
u0_raw[46],-1.681,0.138,-1.923,-1.408,0.01,0.004,175.433,598.737,1.028
u0_raw[47],0.455,0.103,0.257,0.643,0.008,0.003,173.792,522.719,1.012
u0_raw[48],-1.749,0.143,-2.014,-1.483,0.011,0.003,161.467,597.869,1.03
u0_raw[49],1.735,0.137,1.474,1.988,0.009,0.004,242.511,559.832,1.004
u0_raw[50],-0.169,0.106,-0.365,0.028,0.008,0.002,160.19,593.376,1.02
u0_raw[51],-0.963,0.115,-1.176,-0.745,0.009,0.003,149.154,578.37,1.027
u0_raw[52],-0.271,0.102,-0.465,-0.086,0.008,0.002,148.386,654.031,1.02
u0_raw[53],0.392,0.1,0.205,0.581,0.008,0.003,162.131,400.222,1.014
u0_raw[54],0.569,0.159,0.282,0.874,0.008,0.002,431.641,1887.652,1.004
u0_raw[55],1.588,0.132,1.355,1.855,0.009,0.004,227.603,538.52,1.006
u0_raw[56],-0.777,0.11,-0.983,-0.574,0.009,0.003,141.356,688.176,1.026
u0_raw[57],1.322,0.123,1.091,1.546,0.008,0.004,216.337,581.911,1.006
u0_raw[58],-2.665,0.381,-3.346,-1.909,0.008,0.005,2261.756,4251.05,1.003
u0_raw[59],-0.203,0.099,-0.382,-0.013,0.008,0.002,136.581,456.788,1.022
u0_raw[60],-0.07,0.1,-0.252,0.12,0.008,0.002,143.132,400.272,1.02
u0_raw[61],-2.504,0.412,-3.304,-1.756,0.009,0.005,2160.346,5034.366,1.003
u0_raw[62],-1.393,0.131,-1.637,-1.15,0.01,0.003,171.482,646.788,1.026
u0_raw[63],-0.728,0.111,-0.939,-0.527,0.009,0.003,145.702,563.254,1.027
u0_raw[64],-0.838,0.112,-1.049,-0.632,0.009,0.003,141.43,627.489,1.027
u0_raw[65],-0.214,0.1,-0.392,-0.015,0.008,0.003,146.061,427.249,1.02
u0_raw[66],0.99,0.112,0.788,1.213,0.008,0.003,197.63,513.958,1.008
u0_raw[67],-0.437,0.108,-0.639,-0.232,0.009,0.002,154.398,606.98,1.021
u0_raw[68],0.897,0.101,0.714,1.091,0.008,0.003,165.755,332.12,1.01
u0_raw[69],-0.059,0.163,-0.38,0.231,0.008,0.002,454.292,2111.898,1.006
u0_raw[70],-1.67,0.138,-1.913,-1.395,0.011,0.003,165.864,658.523,1.03
u0_raw[71],1.34,0.12,1.107,1.559,0.008,0.004,208.306,539.419,1.006
u0_raw[72],-0.799,0.112,-1.01,-0.587,0.009,0.003,155.569,590.536,1.024
u0_raw[73],-0.657,0.1,-0.839,-0.463,0.009,0.003,120.033,525.653,1.03
u0_raw[74],-0.847,0.103,-1.034,-0.646,0.009,0.003,123.465,618.054,1.033
u0_raw[75],0.492,0.123,0.264,0.724,0.008,0.002,256.786,928.25,1.008
u0_raw[76],0.987,0.113,0.774,1.197,0.008,0.003,206.086,580.31,1.007
u0_raw[77],-0.492,0.107,-0.698,-0.298,0.009,0.003,147.9,462.18,1.023
u0_raw[78],-0.024,0.105,-0.211,0.176,0.008,0.002,170.54,505.603,1.016
u0_raw[79],0.496,0.106,0.3,0.694,0.008,0.002,183.259,612.854,1.012
u0_raw[80],0.479,0.102,0.281,0.666,0.008,0.003,169.509,497.898,1.013
u0_raw[81],-0.008,0.099,-0.187,0.182,0.008,0.002,147.272,480.142,1.018
u0_raw[82],-0.929,0.113,-1.138,-0.716,0.01,0.003,140.269,596.867,1.03
u0_raw[83],-0.028,0.089,-0.193,0.14,0.008,0.003,115.649,327.072,1.026
u0_raw[84],-0.147,0.09,-0.313,0.025,0.008,0.003,119.36,271.086,1.025
u0_raw[85],1.169,0.117,0.943,1.379,0.008,0.004,215.906,538.616,1.006
u0_raw[86],-1.625,0.139,-1.883,-1.365,0.011,0.003,174.904,633.791,1.028
u0_raw[87],-0.257,0.102,-0.446,-0.069,0.008,0.003,147.622,451.379,1.021
u0_raw[88],-1.043,0.115,-1.257,-0.829,0.009,0.003,150.537,660.072,1.029
u0_raw[89],0.503,0.101,0.32,0.696,0.008,0.003,167.926,430.617,1.013
u0_raw[90],0.675,0.106,0.474,0.869,0.008,0.003,190.591,415.802,1.009
u0_raw[91],0.564,0.101,0.374,0.752,0.008,0.003,167.992,500.428,1.011
u0_raw[92],1.338,0.121,1.115,1.569,0.008,0.004,219.493,641.902,1.006
u0_raw[93],0.267,0.192,-0.097,0.623,0.007,0.002,828.727,2515.234,1.003
u0_raw[94],-1.478,0.13,-1.712,-1.231,0.01,0.003,154.944,589.559,1.029
u0_raw[95],-1.33,0.125,-1.562,-1.096,0.01,0.003,161.377,559.925,1.027
u0_raw[96],1.196,0.118,0.975,1.415,0.008,0.003,208.947,601.93,1.008
u0_raw[97],0.442,0.102,0.258,0.641,0.008,0.003,165.136,488.089,1.013
u0_raw[98],0.21,0.099,0.039,0.406,0.008,0.003,151.83,490.269,1.016
u0_raw[99],0.633,0.104,0.437,0.825,0.008,0.003,183.014,468.005,1.012
u0_raw[100],-0.321,0.15,-0.607,-0.044,0.008,0.002,376.974,1294.029,1.008
u0_raw[101],-0.279,0.101,-0.465,-0.089,0.009,0.002,136.095,471.504,1.025
u0_raw[102],-1.098,0.122,-1.32,-0.865,0.01,0.003,160.281,721.264,1.029
u0_raw[103],-0.071,0.093,-0.24,0.105,0.008,0.003,127.274,346.362,1.023
u0_raw[104],-1.089,0.118,-1.312,-0.871,0.01,0.003,146.036,583.153,1.031
u0_raw[105],-0.072,0.12,-0.298,0.154,0.008,0.002,214.553,676.971,1.012
u0_raw[106],-1.934,0.176,-2.276,-1.614,0.011,0.003,261.966,1068.89,1.02
u0_raw[107],0.273,0.102,0.088,0.465,0.008,0.003,159.368,480.572,1.014
u0_raw[108],0.255,0.101,0.063,0.443,0.008,0.002,159.906,503.846,1.016
u0_raw[109],-0.23,0.102,-0.424,-0.042,0.009,0.002,140.414,460.338,1.02
u0_raw[110],1.638,0.125,1.405,1.869,0.009,0.005,210.002,482.429,1.005
u0_raw[111],-0.739,0.119,-0.966,-0.521,0.009,0.002,165.781,567.515,1.022
u0_raw[112],0.737,0.105,0.537,0.93,0.008,0.003,183.944,479.058,1.01
u0_raw[113],0.862,0.106,0.661,1.065,0.008,0.003,180.723,396.148,1.009
u0_raw[114],2.021,0.147,1.732,2.284,0.009,0.005,248.085,523.899,1.004
u0_raw[115],0.111,0.098,-0.07,0.298,0.008,0.003,152.668,478.415,1.017
u0_raw[116],1.194,0.111,0.985,1.397,0.008,0.004,190.802,505.56,1.007
u0_raw[117],0.648,0.105,0.447,0.842,0.008,0.003,181.521,568.019,1.011
u0_raw[118],-0.738,0.109,-0.931,-0.522,0.009,0.003,149.265,649.859,1.026
u0_raw[119],-0.853,0.111,-1.056,-0.638,0.009,0.003,145.086,651.103,1.027
u0_raw[120],0.958,0.111,0.752,1.171,0.008,0.003,205.533,584.279,1.008
u0_raw[121],-0.879,0.111,-1.074,-0.66,0.009,0.003,144.431,612.206,1.028
u0_raw[122],-1.209,0.113,-1.422,-0.996,0.01,0.003,130.974,492.87,1.034
u0_raw[123],-0.674,0.119,-0.885,-0.441,0.009,0.002,179.002,969.114,1.023
u0_raw[124],1.114,0.114,0.907,1.332,0.008,0.004,211.194,505.256,1.006
u0_raw[125],-0.278,0.103,-0.469,-0.087,0.008,0.002,150.264,563.449,1.022
u0_raw[126],0.066,0.108,-0.13,0.268,0.008,0.002,167.998,496.328,1.015
u0_raw[127],1.698,0.134,1.458,1.956,0.009,0.004,235.252,562.078,1.005
u0_raw[128],1.104,0.114,0.901,1.323,0.008,0.003,206.452,569.321,1.007
u0_raw[129],1.502,0.126,1.265,1.733,0.008,0.004,228.432,529.193,1.004
u0_raw[130],0.656,0.27,0.146,1.16,0.007,0.003,1701.136,4077.469,1.002
u0_raw[131],-0.572,0.712,-1.892,0.747,0.006,0.009,12733.019,6017.616,1.002
u0_raw[132],2.207,0.155,1.918,2.493,0.01,0.005,253.979,557.323,1.004
u0_raw[133],1.309,0.128,1.067,1.549,0.008,0.003,244.742,739.128,1.004
u0_raw[134],-0.358,0.103,-0.552,-0.171,0.009,0.002,136.45,742.576,1.026
u0_raw[135],1.543,0.127,1.318,1.784,0.009,0.004,216.55,559.668,1.006
u0_raw[136],-0.037,0.09,-0.208,0.129,0.008,0.003,123.007,314.806,1.021
u0_raw[137],-1.454,0.132,-1.689,-1.194,0.01,0.003,169.645,544.241,1.026
u0_raw[138],-0.661,0.158,-0.952,-0.369,0.009,0.002,334.276,1817.712,1.011
u0_raw[139],2.175,0.153,1.884,2.458,0.01,0.005,253.871,551.404,1.004
u0_raw[140],-1.145,0.318,-1.72,-0.533,0.007,0.004,1974.189,3781.329,1.004
u0_raw[141],-0.103,0.111,-0.307,0.108,0.008,0.002,190.233,733.796,1.014
u0_raw[142],1.238,0.119,1.005,1.453,0.008,0.004,209.377,531.474,1.006
u0_raw[143],1.975,0.143,1.714,2.244,0.009,0.005,240.931,491.92,1.004
u0_raw[144],-0.788,0.112,-0.997,-0.581,0.009,0.003,151.159,605.509,1.027
u0_raw[145],-0.941,0.113,-1.158,-0.738,0.01,0.003,133.194,590.409,1.031
u0_raw[146],0.191,0.101,0.004,0.377,0.008,0.002,157.782,525.125,1.016
u0_raw[147],1.319,0.113,1.107,1.525,0.008,0.004,192.656,444.103,1.007
u0_raw[148],-0.647,0.112,-0.854,-0.435,0.009,0.002,153.408,586.529,1.024
u0_raw[149],-0.163,0.104,-0.355,0.035,0.008,0.003,150.726,445.788,1.021
u0_raw[150],-0.345,0.096,-0.523,-0.163,0.009,0.003,122.519,374.254,1.025
u0_raw[151],-0.344,0.102,-0.539,-0.157,0.008,0.002,143.744,542.619,1.021
u0_raw[152],0.651,0.104,0.458,0.85,0.008,0.003,183.605,438.99,1.011
u0_raw[153],0.662,0.725,-0.774,1.962,0.006,0.009,12463.266,5573.961,1.001
u0_raw[154],-1.378,0.119,-1.597,-1.157,0.01,0.003,137.013,525.093,1.033
u0_raw[155],-1.028,0.115,-1.239,-0.806,0.01,0.003,140.621,588.797,1.03
u0_raw[156],0.003,0.102,-0.183,0.192,0.008,0.002,149.737,467.883,1.019
u0_raw[157],-1.084,0.117,-1.297,-0.863,0.01,0.003,144.995,605.616,1.031
u0_raw[158],2.934,0.18,2.609,3.277,0.011,0.006,256.232,524.548,1.005
u0_raw[159],1.798,0.135,1.537,2.041,0.009,0.004,229.549,500.152,1.005
u0_raw[160],0.96,0.112,0.762,1.18,0.008,0.003,205.443,564.307,1.007
u0_raw[161],-0.064,0.205,-0.439,0.332,0.007,0.003,793.375,2401.468,1.003
u0_raw[162],-0.552,0.111,-0.761,-0.345,0.009,0.002,162.013,897.323,1.021
u0_raw[163],-0.518,0.105,-0.721,-0.327,0.009,0.003,138.241,509.816,1.026
u0_raw[164],-0.377,0.123,-0.604,-0.146,0.008,0.002,214.909,1053.258,1.014
u0_raw[165],-1.23,0.115,-1.44,-1.009,0.01,0.003,132.229,558.792,1.033
u0_raw[166],1.742,0.14,1.478,1.99,0.009,0.004,249.477,573.214,1.004
u0_raw[167],1.088,0.113,0.88,1.302,0.008,0.003,202.204,535.469,1.007
u0_raw[168],-0.401,0.103,-0.595,-0.21,0.009,0.002,143.339,709.287,1.024
u0_raw[169],0.307,0.102,0.105,0.488,0.008,0.002,165.268,501.186,1.016
u0_raw[170],0.195,0.099,0.008,0.383,0.008,0.002,154.878,391.496,1.016
u0_raw[171],-0.126,0.103,-0.314,0.07,0.008,0.002,155.412,612.668,1.02
u0_raw[172],0.299,0.098,0.116,0.483,0.008,0.003,153.009,335.569,1.016
u0_raw[173],-0.901,0.119,-1.123,-0.675,0.009,0.003,168.426,812.297,1.024
u0_raw[174],1.389,0.123,1.159,1.615,0.008,0.004,213.919,529.223,1.006
u0_raw[175],-0.684,0.108,-0.881,-0.475,0.009,0.003,145.479,591.533,1.026
u0_raw[176],0.04,0.109,-0.16,0.242,0.008,0.002,186.912,640.535,1.015
u0_raw[177],-0.175,0.175,-0.507,0.152,0.008,0.002,475.067,2604.0,1.006
u0_raw[178],1.623,0.132,1.379,1.866,0.009,0.004,226.078,532.213,1.005
u_slope_raw_gpt2_surprisal[0],-0.451,0.779,-1.962,0.939,0.007,0.009,14222.149,5920.789,1.0
u_slope_raw_gpt2_surprisal[1],0.502,0.652,-0.726,1.732,0.006,0.008,13245.718,5628.047,1.001
u_slope_raw_gpt2_surprisal[2],0.266,0.716,-1.065,1.635,0.006,0.009,13770.383,5779.609,1.0
u_slope_raw_gpt2_surprisal[3],-0.887,0.811,-2.403,0.631,0.006,0.011,16800.671,5732.449,1.001
u_slope_raw_gpt2_surprisal[4],-0.512,0.787,-1.988,0.969,0.007,0.01,13332.67,6100.796,1.0
u_slope_raw_gpt2_surprisal[5],-0.028,0.787,-1.413,1.543,0.007,0.01,13184.294,5293.408,1.001
u_slope_raw_gpt2_surprisal[6],-0.035,0.957,-1.898,1.703,0.007,0.013,17623.321,4959.857,1.0
u_slope_raw_gpt2_surprisal[7],-0.325,0.702,-1.609,1.056,0.006,0.009,13775.271,5635.444,1.001
u_slope_raw_gpt2_surprisal[8],-1.009,0.789,-2.384,0.571,0.006,0.01,15606.923,5833.772,1.0
u_slope_raw_gpt2_surprisal[9],0.16,0.981,-1.725,1.949,0.007,0.015,17269.625,5187.211,1.0
u_slope_raw_gpt2_surprisal[10],-0.113,0.822,-1.669,1.404,0.006,0.011,16561.02,5449.886,1.0
u_slope_raw_gpt2_surprisal[11],-0.487,0.806,-1.956,1.048,0.007,0.011,13992.256,5525.342,1.001
u_slope_raw_gpt2_surprisal[12],0.299,0.716,-1.043,1.67,0.006,0.01,14323.316,5505.413,1.0
u_slope_raw_gpt2_surprisal[13],-0.165,0.977,-2.058,1.636,0.008,0.012,14369.925,5750.722,1.001
u_slope_raw_gpt2_surprisal[14],0.108,0.733,-1.285,1.47,0.006,0.01,14065.21,5364.218,1.001
u_slope_raw_gpt2_surprisal[15],-0.296,0.837,-1.867,1.241,0.007,0.01,13631.387,5832.266,1.0
u_slope_raw_gpt2_surprisal[16],-0.567,0.831,-2.069,1.013,0.007,0.01,16210.448,5858.293,1.001
u_slope_raw_gpt2_surprisal[17],-0.273,0.787,-1.73,1.217,0.007,0.01,12605.94,5435.808,1.0
u_slope_raw_gpt2_surprisal[18],0.236,0.981,-1.601,2.057,0.009,0.013,12610.011,5380.193,1.001
u_slope_raw_gpt2_surprisal[19],-0.006,0.714,-1.298,1.371,0.006,0.01,14127.845,5452.452,1.001
u_slope_raw_gpt2_surprisal[20],0.11,0.812,-1.488,1.574,0.006,0.011,15857.06,5414.597,1.0
u_slope_raw_gpt2_surprisal[21],-0.435,0.739,-1.807,0.956,0.006,0.009,15896.39,5838.851,1.001
u_slope_raw_gpt2_surprisal[22],0.07,0.799,-1.441,1.527,0.006,0.01,16067.871,6002.892,1.0
u_slope_raw_gpt2_surprisal[23],0.121,0.729,-1.285,1.426,0.006,0.009,15994.788,6389.423,1.0
u_slope_raw_gpt2_surprisal[24],-0.125,0.801,-1.649,1.361,0.007,0.011,14287.286,5282.897,1.0
u_slope_raw_gpt2_surprisal[25],0.063,0.78,-1.357,1.538,0.007,0.01,13482.479,5249.921,1.0
u_slope_raw_gpt2_surprisal[26],1.046,0.708,-0.231,2.433,0.006,0.009,12346.762,5716.875,1.002
u_slope_raw_gpt2_surprisal[27],0.101,0.852,-1.536,1.671,0.007,0.011,13953.162,5383.366,1.0
u_slope_raw_gpt2_surprisal[28],-0.512,0.796,-1.981,0.996,0.007,0.01,12126.908,5798.508,1.0
u_slope_raw_gpt2_surprisal[29],-0.151,0.816,-1.629,1.462,0.006,0.01,16974.52,5691.541,1.001
u_slope_raw_gpt2_surprisal[30],0.139,0.797,-1.384,1.604,0.007,0.01,13645.955,5992.852,1.002
u_slope_raw_gpt2_surprisal[31],-0.108,0.765,-1.543,1.323,0.006,0.01,15492.137,6007.425,1.001
u_slope_raw_gpt2_surprisal[32],-0.286,0.775,-1.755,1.132,0.007,0.01,13962.356,5156.459,1.001
u_slope_raw_gpt2_surprisal[33],-0.339,0.787,-1.8,1.183,0.006,0.011,15083.755,5810.403,1.001
u_slope_raw_gpt2_surprisal[34],0.179,0.771,-1.296,1.598,0.006,0.01,15552.496,5710.902,1.0
u_slope_raw_gpt2_surprisal[35],0.533,0.661,-0.699,1.77,0.005,0.009,15702.93,6034.55,1.001
u_slope_raw_gpt2_surprisal[36],-0.04,0.762,-1.487,1.383,0.006,0.01,16239.917,5801.263,1.0
u_slope_raw_gpt2_surprisal[37],-0.027,0.745,-1.511,1.32,0.006,0.01,15725.859,5768.662,1.001
u_slope_raw_gpt2_surprisal[38],-0.15,0.748,-1.585,1.228,0.006,0.01,14078.254,5460.773,1.0
u_slope_raw_gpt2_surprisal[39],0.255,0.809,-1.236,1.824,0.006,0.011,16176.5,5537.728,1.001
u_slope_raw_gpt2_surprisal[40],-0.163,1.003,-2.105,1.684,0.008,0.013,16018.302,6114.51,1.0
u_slope_raw_gpt2_surprisal[41],-0.598,0.791,-2.048,0.921,0.006,0.01,15424.28,5801.862,1.001
u_slope_raw_gpt2_surprisal[42],-0.287,0.795,-1.785,1.239,0.006,0.01,16457.305,5926.729,1.002
u_slope_raw_gpt2_surprisal[43],0.422,0.831,-1.107,2.024,0.007,0.011,13736.829,5181.216,1.001
u_slope_raw_gpt2_surprisal[44],-0.389,0.791,-1.846,1.109,0.007,0.01,14546.27,5276.569,1.0
u_slope_raw_gpt2_surprisal[45],-0.415,0.757,-1.813,1.036,0.006,0.009,15935.708,6103.621,1.001
u_slope_raw_gpt2_surprisal[46],-0.462,0.821,-2.019,1.068,0.006,0.011,16139.533,5867.378,1.0
u_slope_raw_gpt2_surprisal[47],0.224,0.792,-1.198,1.771,0.007,0.009,12588.798,6086.548,1.0
u_slope_raw_gpt2_surprisal[48],-0.427,0.723,-1.766,0.922,0.006,0.009,12642.158,6332.674,1.001
u_slope_raw_gpt2_surprisal[49],-0.301,0.757,-1.693,1.129,0.006,0.009,15630.186,6487.713,1.002
u_slope_raw_gpt2_surprisal[50],-1.028,0.783,-2.454,0.475,0.006,0.01,17583.911,5001.469,1.001
u_slope_raw_gpt2_surprisal[51],-0.123,0.698,-1.43,1.212,0.006,0.009,14701.328,5540.111,1.002
u_slope_raw_gpt2_surprisal[52],0.257,0.803,-1.235,1.77,0.008,0.01,11292.192,5850.599,1.0
u_slope_raw_gpt2_surprisal[53],0.858,0.721,-0.484,2.198,0.006,0.009,15072.801,5858.78,1.001
u_slope_raw_gpt2_surprisal[54],0.018,0.908,-1.698,1.724,0.007,0.012,18109.872,5984.934,1.002
u_slope_raw_gpt2_surprisal[55],-0.6,0.789,-2.053,0.898,0.007,0.01,14485.335,6335.256,1.001
u_slope_raw_gpt2_surprisal[56],-0.196,0.733,-1.624,1.131,0.006,0.009,13193.799,5653.335,1.0
u_slope_raw_gpt2_surprisal[57],1.981,0.76,0.54,3.365,0.006,0.01,14637.542,5649.371,1.0
u_slope_raw_gpt2_surprisal[58],0.332,0.997,-1.576,2.153,0.008,0.013,14952.346,5718.349,1.001
u_slope_raw_gpt2_surprisal[59],-0.38,0.786,-1.878,1.088,0.007,0.01,14367.071,5746.107,1.0
u_slope_raw_gpt2_surprisal[60],-1.218,0.773,-2.734,0.17,0.006,0.01,15760.475,5957.105,1.0
u_slope_raw_gpt2_surprisal[61],-0.067,1.022,-1.942,1.87,0.008,0.013,14892.33,4577.121,1.003
u_slope_raw_gpt2_surprisal[62],-0.084,0.812,-1.642,1.403,0.006,0.011,15687.133,5507.142,1.0
u_slope_raw_gpt2_surprisal[63],-0.176,0.824,-1.659,1.444,0.007,0.01,15665.615,5826.994,1.0
u_slope_raw_gpt2_surprisal[64],-0.225,0.828,-1.834,1.314,0.007,0.011,15270.971,6043.631,1.0
u_slope_raw_gpt2_surprisal[65],-0.602,0.799,-2.107,0.91,0.007,0.01,13495.058,5286.778,1.0
u_slope_raw_gpt2_surprisal[66],1.307,0.779,-0.175,2.735,0.006,0.009,14722.476,5877.388,1.001
u_slope_raw_gpt2_surprisal[67],0.288,0.765,-1.103,1.757,0.006,0.01,14925.289,5680.945,1.0
u_slope_raw_gpt2_surprisal[68],0.301,0.628,-0.893,1.459,0.006,0.008,12015.369,5977.766,1.0
u_slope_raw_gpt2_surprisal[69],-0.191,0.946,-2.028,1.519,0.008,0.012,15521.701,5921.849,1.0
u_slope_raw_gpt2_surprisal[70],-0.525,0.81,-2.067,0.967,0.007,0.01,15182.551,5881.866,1.0
u_slope_raw_gpt2_surprisal[71],-0.417,0.738,-1.781,0.948,0.006,0.009,14706.635,6166.895,1.002
u_slope_raw_gpt2_surprisal[72],-0.367,0.82,-1.91,1.176,0.007,0.011,15493.971,5606.534,1.0
u_slope_raw_gpt2_surprisal[73],0.233,0.692,-1.082,1.555,0.005,0.009,16062.057,5865.915,1.001
u_slope_raw_gpt2_surprisal[74],0.015,0.668,-1.216,1.249,0.006,0.009,12745.036,5817.013,1.0
u_slope_raw_gpt2_surprisal[75],-0.278,0.875,-1.855,1.353,0.007,0.011,16179.473,5707.579,1.001
u_slope_raw_gpt2_surprisal[76],0.245,0.787,-1.255,1.732,0.007,0.01,13981.917,5736.842,1.0
u_slope_raw_gpt2_surprisal[77],0.497,0.782,-1.022,1.896,0.006,0.01,14676.109,5449.893,1.001
u_slope_raw_gpt2_surprisal[78],0.276,0.847,-1.38,1.808,0.007,0.012,14189.258,5524.506,1.001
u_slope_raw_gpt2_surprisal[79],0.295,0.781,-1.175,1.759,0.007,0.01,13382.347,5081.573,1.001
u_slope_raw_gpt2_surprisal[80],0.868,0.726,-0.512,2.238,0.006,0.009,14328.836,5323.362,1.0
u_slope_raw_gpt2_surprisal[81],0.2,0.793,-1.263,1.675,0.007,0.01,14405.178,5541.404,1.001
u_slope_raw_gpt2_surprisal[82],-0.362,0.767,-1.793,1.061,0.006,0.009,14775.856,6063.976,1.001
u_slope_raw_gpt2_surprisal[83],-0.221,0.66,-1.413,1.045,0.006,0.009,13780.466,5217.565,1.001
u_slope_raw_gpt2_surprisal[84],0.731,0.629,-0.465,1.899,0.005,0.008,16951.07,5218.905,1.001
u_slope_raw_gpt2_surprisal[85],0.057,0.743,-1.267,1.505,0.006,0.01,15772.562,5243.387,1.001
u_slope_raw_gpt2_surprisal[86],0.123,0.782,-1.385,1.582,0.007,0.01,14031.748,5681.932,1.002
u_slope_raw_gpt2_surprisal[87],-0.116,0.751,-1.508,1.324,0.007,0.009,12769.714,5559.504,1.002
u_slope_raw_gpt2_surprisal[88],0.016,0.796,-1.441,1.586,0.006,0.01,15734.396,5792.425,1.001
u_slope_raw_gpt2_surprisal[89],0.897,0.725,-0.481,2.234,0.006,0.009,15238.811,6021.262,1.001
u_slope_raw_gpt2_surprisal[90],0.742,0.8,-0.788,2.222,0.007,0.01,15066.49,5831.976,1.0
u_slope_raw_gpt2_surprisal[91],-0.222,0.788,-1.724,1.191,0.007,0.01,14277.303,5704.691,1.001
u_slope_raw_gpt2_surprisal[92],-0.463,0.718,-1.853,0.876,0.006,0.009,15033.576,5635.642,1.0
u_slope_raw_gpt2_surprisal[93],0.266,0.949,-1.525,1.99,0.008,0.013,14094.384,5359.158,1.001
u_slope_raw_gpt2_surprisal[94],-0.284,0.722,-1.651,1.064,0.006,0.009,15153.134,5815.08,1.001
u_slope_raw_gpt2_surprisal[95],0.546,0.736,-0.865,1.901,0.006,0.009,15190.056,6148.183,1.001
u_slope_raw_gpt2_surprisal[96],0.566,0.8,-0.939,2.079,0.006,0.01,15669.079,5373.484,1.0
u_slope_raw_gpt2_surprisal[97],-0.969,0.733,-2.361,0.391,0.006,0.009,16318.813,6333.33,1.001
u_slope_raw_gpt2_surprisal[98],-0.308,0.694,-1.678,0.92,0.006,0.009,14282.577,5643.843,1.001
u_slope_raw_gpt2_surprisal[99],-0.096,0.771,-1.542,1.34,0.006,0.01,15649.899,5291.211,1.0
u_slope_raw_gpt2_surprisal[100],-0.22,0.976,-2.023,1.599,0.008,0.013,16160.167,5181.545,1.0
u_slope_raw_gpt2_surprisal[101],0.338,0.748,-1.085,1.745,0.006,0.009,13561.384,5528.722,1.001
u_slope_raw_gpt2_surprisal[102],-0.187,0.833,-1.708,1.405,0.007,0.011,15550.026,5538.705,1.001
u_slope_raw_gpt2_surprisal[103],-0.292,0.698,-1.552,1.058,0.006,0.01,15672.406,5240.416,1.002
u_slope_raw_gpt2_surprisal[104],-0.767,0.752,-2.253,0.615,0.006,0.009,14245.566,5957.6,1.002
u_slope_raw_gpt2_surprisal[105],-0.66,0.848,-2.201,0.938,0.007,0.011,14509.98,5899.72,1.0
u_slope_raw_gpt2_surprisal[106],-0.071,0.9,-1.722,1.609,0.007,0.012,14976.581,5941.101,1.002
u_slope_raw_gpt2_surprisal[107],0.519,0.722,-0.825,1.907,0.006,0.009,15106.329,5684.447,1.001
u_slope_raw_gpt2_surprisal[108],-0.737,0.771,-2.153,0.724,0.006,0.011,15661.267,5580.909,1.001
u_slope_raw_gpt2_surprisal[109],-0.733,0.729,-2.108,0.622,0.006,0.009,14196.438,5800.772,1.0
u_slope_raw_gpt2_surprisal[110],0.389,0.668,-0.9,1.605,0.006,0.008,13682.406,6031.109,1.0
u_slope_raw_gpt2_surprisal[111],-0.711,0.871,-2.241,0.978,0.007,0.011,16637.826,5412.124,1.001
u_slope_raw_gpt2_surprisal[112],0.187,0.728,-1.139,1.612,0.006,0.01,14136.327,5344.886,1.0
u_slope_raw_gpt2_surprisal[113],1.595,0.669,0.385,2.87,0.006,0.009,14457.233,5512.64,1.001
u_slope_raw_gpt2_surprisal[114],1.701,0.81,0.113,3.153,0.006,0.011,16871.769,5258.324,1.0
u_slope_raw_gpt2_surprisal[115],-0.362,0.758,-1.805,1.027,0.006,0.01,15119.413,5199.948,1.001
u_slope_raw_gpt2_surprisal[116],-0.972,0.669,-2.203,0.299,0.005,0.008,15709.004,6115.611,1.0
u_slope_raw_gpt2_surprisal[117],1.072,0.721,-0.303,2.396,0.006,0.01,13341.294,4965.875,1.001
u_slope_raw_gpt2_surprisal[118],-0.496,0.803,-1.996,1.019,0.007,0.01,14582.451,5925.365,1.0
u_slope_raw_gpt2_surprisal[119],-0.033,0.764,-1.402,1.445,0.006,0.01,14328.411,5569.628,1.001
u_slope_raw_gpt2_surprisal[120],-0.783,0.763,-2.205,0.64,0.007,0.01,13700.399,5818.811,1.001
u_slope_raw_gpt2_surprisal[121],-0.094,0.742,-1.432,1.32,0.006,0.009,14865.759,5897.203,1.001
u_slope_raw_gpt2_surprisal[122],-0.292,0.644,-1.515,0.905,0.006,0.009,13082.963,5260.792,1.0
u_slope_raw_gpt2_surprisal[123],0.219,0.766,-1.229,1.655,0.007,0.01,12190.467,5776.745,1.0
u_slope_raw_gpt2_surprisal[124],0.813,0.77,-0.639,2.215,0.006,0.009,15504.616,5843.701,1.001
u_slope_raw_gpt2_surprisal[125],-0.032,0.807,-1.586,1.453,0.006,0.011,17787.574,5860.439,1.001
u_slope_raw_gpt2_surprisal[126],-0.689,0.841,-2.208,0.971,0.007,0.011,15268.288,5408.232,1.0
u_slope_raw_gpt2_surprisal[127],2.023,0.711,0.726,3.387,0.005,0.009,17555.132,5571.99,1.001
u_slope_raw_gpt2_surprisal[128],0.653,0.792,-0.941,2.049,0.006,0.011,17288.61,5498.663,1.0
u_slope_raw_gpt2_surprisal[129],0.503,0.748,-0.895,1.934,0.006,0.01,15012.285,5470.272,1.0
u_slope_raw_gpt2_surprisal[130],-0.336,0.966,-2.178,1.474,0.008,0.013,14453.854,5515.395,1.002
u_slope_raw_gpt2_surprisal[131],0.03,1.015,-1.89,1.914,0.008,0.013,16536.266,5670.89,1.001
u_slope_raw_gpt2_surprisal[132],0.279,0.731,-1.093,1.645,0.006,0.009,13606.752,5351.642,1.0
u_slope_raw_gpt2_surprisal[133],1.585,0.82,0.188,3.352,0.006,0.011,16417.733,5769.272,1.0
u_slope_raw_gpt2_surprisal[134],-0.068,0.813,-1.556,1.494,0.007,0.01,13610.667,5879.793,1.001
u_slope_raw_gpt2_surprisal[135],0.141,0.749,-1.333,1.503,0.007,0.01,11556.204,5446.443,1.001
u_slope_raw_gpt2_surprisal[136],0.066,0.655,-1.189,1.283,0.006,0.009,12489.217,5419.891,1.001
u_slope_raw_gpt2_surprisal[137],-0.588,0.707,-1.917,0.764,0.006,0.01,13026.553,5015.91,1.0
u_slope_raw_gpt2_surprisal[138],0.44,0.922,-1.281,2.22,0.007,0.013,17126.745,5561.442,1.002
u_slope_raw_gpt2_surprisal[139],0.28,0.827,-1.345,1.753,0.007,0.011,14660.598,5657.784,1.0
u_slope_raw_gpt2_surprisal[140],-0.152,0.991,-1.993,1.702,0.008,0.013,15687.266,5391.704,1.0
u_slope_raw_gpt2_surprisal[141],0.143,0.786,-1.366,1.638,0.006,0.01,17051.236,6076.094,1.001
u_slope_raw_gpt2_surprisal[142],-1.422,0.817,-2.937,0.141,0.007,0.011,14299.854,5516.984,1.001
u_slope_raw_gpt2_surprisal[143],0.486,0.706,-0.798,1.812,0.006,0.009,13982.961,5949.31,1.001
u_slope_raw_gpt2_surprisal[144],0.002,0.767,-1.472,1.415,0.006,0.009,15534.799,6487.738,1.0
u_slope_raw_gpt2_surprisal[145],-0.762,0.735,-2.113,0.642,0.006,0.01,14899.392,5107.796,1.001
u_slope_raw_gpt2_surprisal[146],0.812,0.806,-0.753,2.265,0.007,0.01,13828.172,5870.101,1.0
u_slope_raw_gpt2_surprisal[147],0.074,0.634,-1.094,1.282,0.005,0.008,14802.442,6177.672,1.0
u_slope_raw_gpt2_surprisal[148],-0.209,0.789,-1.614,1.308,0.006,0.011,15191.532,5678.65,1.001
u_slope_raw_gpt2_surprisal[149],-0.699,0.809,-2.246,0.805,0.007,0.01,13701.795,5683.374,1.0
u_slope_raw_gpt2_surprisal[150],-1.379,0.698,-2.659,-0.029,0.006,0.009,14254.769,6059.3,1.0
u_slope_raw_gpt2_surprisal[151],-0.181,0.765,-1.651,1.222,0.007,0.009,13759.414,5878.034,1.001
u_slope_raw_gpt2_surprisal[152],0.787,0.786,-0.694,2.249,0.006,0.01,14988.861,5581.881,1.001
u_slope_raw_gpt2_surprisal[153],-0.05,1.006,-1.885,1.869,0.009,0.013,11921.682,5321.991,1.0
u_slope_raw_gpt2_surprisal[154],-0.235,0.649,-1.467,0.965,0.005,0.008,15626.29,5858.87,1.0
u_slope_raw_gpt2_surprisal[155],0.327,0.768,-1.149,1.716,0.007,0.01,13938.625,5766.592,1.001
u_slope_raw_gpt2_surprisal[156],-0.209,0.809,-1.763,1.278,0.006,0.011,17435.689,5096.476,1.001
u_slope_raw_gpt2_surprisal[157],-0.352,0.738,-1.663,1.111,0.006,0.01,15650.033,5709.489,1.0
u_slope_raw_gpt2_surprisal[158],-0.688,0.658,-1.887,0.597,0.006,0.009,13020.477,5525.71,1.0
u_slope_raw_gpt2_surprisal[159],-0.049,0.766,-1.449,1.417,0.006,0.01,14339.488,5733.37,1.001
u_slope_raw_gpt2_surprisal[160],0.645,0.749,-0.759,2.086,0.006,0.01,13966.198,5430.564,1.001
u_slope_raw_gpt2_surprisal[161],0.13,0.972,-1.72,1.92,0.008,0.013,14976.772,5386.761,1.0
u_slope_raw_gpt2_surprisal[162],-0.402,0.849,-2.161,1.098,0.007,0.012,16409.065,5048.792,1.0
u_slope_raw_gpt2_surprisal[163],-0.96,0.841,-2.531,0.597,0.007,0.011,15751.958,5555.009,1.002
u_slope_raw_gpt2_surprisal[164],-0.046,0.846,-1.577,1.588,0.006,0.011,17770.962,5783.705,1.001
u_slope_raw_gpt2_surprisal[165],-1.183,0.681,-2.534,0.039,0.006,0.009,15024.03,5635.74,1.001
u_slope_raw_gpt2_surprisal[166],2.605,0.784,1.091,4.05,0.007,0.01,13301.309,5390.22,1.0
u_slope_raw_gpt2_surprisal[167],0.933,0.818,-0.591,2.48,0.007,0.011,14061.047,5790.271,1.002
u_slope_raw_gpt2_surprisal[168],0.217,0.735,-1.142,1.621,0.006,0.009,14627.768,5896.613,1.0
u_slope_raw_gpt2_surprisal[169],0.224,0.823,-1.267,1.815,0.006,0.01,16237.072,6158.315,1.001
u_slope_raw_gpt2_surprisal[170],0.038,0.779,-1.404,1.504,0.007,0.009,13850.562,5423.455,1.001
u_slope_raw_gpt2_surprisal[171],1.313,0.719,-0.053,2.629,0.006,0.009,15453.371,5708.755,1.001
u_slope_raw_gpt2_surprisal[172],-0.431,0.691,-1.684,0.889,0.006,0.009,13678.36,5547.02,1.0
u_slope_raw_gpt2_surprisal[173],-0.071,0.767,-1.558,1.34,0.006,0.01,14372.142,5354.784,1.003
u_slope_raw_gpt2_surprisal[174],-0.25,0.733,-1.672,1.105,0.006,0.01,14037.305,5374.739,1.001
u_slope_raw_gpt2_surprisal[175],-0.304,0.829,-1.89,1.201,0.007,0.01,13926.821,5829.725,1.0
u_slope_raw_gpt2_surprisal[176],-0.303,0.828,-1.865,1.246,0.007,0.011,16177.912,6044.233,1.001
u_slope_raw_gpt2_surprisal[177],-0.09,0.944,-1.872,1.658,0.008,0.012,12965.897,5768.059,1.0
u_slope_raw_gpt2_surprisal[178],0.907,0.765,-0.47,2.381,0.006,0.009,16090.837,5834.737,1.001
u_slope_raw_integration_cost[0],0.015,0.992,-1.873,1.859,0.008,0.013,17271.539,4882.33,1.002
u_slope_raw_integration_cost[1],0.172,0.929,-1.526,1.988,0.008,0.012,12800.679,5197.319,1.0
u_slope_raw_integration_cost[2],0.002,0.978,-1.893,1.792,0.008,0.013,14760.844,5427.728,1.001
u_slope_raw_integration_cost[3],-0.209,0.964,-2.042,1.55,0.008,0.012,13638.224,5734.713,1.002
u_slope_raw_integration_cost[4],0.017,0.966,-1.762,1.875,0.008,0.013,13886.361,5631.666,1.0
u_slope_raw_integration_cost[5],0.053,0.977,-1.761,1.92,0.008,0.012,14859.297,5892.637,1.0
u_slope_raw_integration_cost[6],-0.029,0.987,-1.837,1.862,0.009,0.013,12721.316,5566.097,1.0
u_slope_raw_integration_cost[7],0.019,0.955,-1.74,1.877,0.008,0.012,13546.416,5658.978,1.0
u_slope_raw_integration_cost[8],-0.188,0.971,-1.967,1.743,0.008,0.013,15091.152,5389.22,1.0
u_slope_raw_integration_cost[9],0.012,1.005,-1.843,1.956,0.008,0.013,14388.73,5868.048,1.0
u_slope_raw_integration_cost[10],0.165,0.971,-1.734,1.884,0.008,0.013,15829.91,5445.321,1.0
u_slope_raw_integration_cost[11],0.088,0.97,-1.722,1.901,0.008,0.013,15131.456,5592.705,1.0
u_slope_raw_integration_cost[12],0.069,0.978,-1.732,1.947,0.008,0.014,14789.001,5538.456,1.001
u_slope_raw_integration_cost[13],0.034,0.97,-1.705,1.877,0.008,0.013,14872.808,5489.075,1.001
u_slope_raw_integration_cost[14],-0.138,0.97,-1.985,1.601,0.008,0.012,14988.617,5860.012,1.001
u_slope_raw_integration_cost[15],-0.015,0.967,-1.857,1.77,0.008,0.012,14061.763,5627.115,1.001
u_slope_raw_integration_cost[16],-0.052,0.945,-1.821,1.704,0.008,0.012,13768.321,5581.091,1.001
u_slope_raw_integration_cost[17],-0.108,0.963,-1.901,1.7,0.009,0.011,12791.549,5937.179,1.002
u_slope_raw_integration_cost[18],-0.142,1.007,-1.99,1.797,0.009,0.013,12703.853,5302.618,1.0
u_slope_raw_integration_cost[19],0.147,0.986,-1.674,2.027,0.008,0.014,13800.649,5506.491,1.001
u_slope_raw_integration_cost[20],-0.01,0.951,-1.774,1.805,0.007,0.014,18323.904,5286.199,1.003
u_slope_raw_integration_cost[21],-0.012,0.965,-1.776,1.846,0.008,0.013,13787.794,5657.733,1.001
u_slope_raw_integration_cost[22],0.144,1.005,-1.669,2.1,0.008,0.013,15367.372,5538.595,1.0
u_slope_raw_integration_cost[23],0.069,0.986,-1.793,1.916,0.008,0.012,14918.362,5849.285,1.003
u_slope_raw_integration_cost[24],-0.026,0.975,-1.817,1.833,0.008,0.013,14558.881,5453.171,1.0
u_slope_raw_integration_cost[25],0.071,0.977,-1.767,1.947,0.007,0.013,17239.379,5050.382,1.001
u_slope_raw_integration_cost[26],0.402,1.011,-1.479,2.316,0.01,0.013,11175.41,5662.095,1.0
u_slope_raw_integration_cost[27],-0.04,0.984,-1.863,1.806,0.009,0.013,11073.746,5116.362,1.001
u_slope_raw_integration_cost[28],-0.039,0.968,-1.831,1.809,0.007,0.012,17452.075,5713.461,1.0
u_slope_raw_integration_cost[29],-0.084,0.967,-1.843,1.783,0.007,0.013,16985.425,5909.529,1.001
u_slope_raw_integration_cost[30],0.071,0.981,-1.804,1.898,0.008,0.013,16173.057,5283.205,1.001
u_slope_raw_integration_cost[31],-0.093,0.973,-1.849,1.776,0.008,0.013,16340.406,5818.587,1.001
u_slope_raw_integration_cost[32],0.23,0.976,-1.598,2.046,0.008,0.012,13327.518,5633.27,1.0
u_slope_raw_integration_cost[33],0.228,0.984,-1.576,2.092,0.009,0.011,11584.206,5825.205,1.001
u_slope_raw_integration_cost[34],-0.064,0.958,-1.835,1.758,0.007,0.012,16949.118,5748.103,1.0
u_slope_raw_integration_cost[35],-0.109,0.968,-1.857,1.71,0.008,0.013,14592.55,5271.086,1.0
u_slope_raw_integration_cost[36],0.248,0.989,-1.527,2.18,0.009,0.013,13505.909,5970.448,1.0
u_slope_raw_integration_cost[37],-0.169,0.975,-1.899,1.772,0.008,0.012,14047.476,6254.283,1.0
u_slope_raw_integration_cost[38],0.199,0.971,-1.606,2.029,0.009,0.011,12072.527,5819.147,1.001
u_slope_raw_integration_cost[39],-0.019,1.002,-1.942,1.786,0.008,0.014,15597.355,5476.18,1.0
u_slope_raw_integration_cost[40],-0.0,0.981,-1.812,1.87,0.008,0.012,16025.707,5832.935,1.0
u_slope_raw_integration_cost[41],0.051,0.999,-1.882,1.873,0.008,0.013,15108.702,5398.352,1.0
u_slope_raw_integration_cost[42],-0.144,0.96,-1.906,1.692,0.008,0.012,13557.668,5761.105,1.001
u_slope_raw_integration_cost[43],-0.243,0.973,-1.985,1.617,0.008,0.012,13532.485,5579.166,1.001
u_slope_raw_integration_cost[44],0.164,0.981,-1.762,1.957,0.009,0.012,11725.679,6096.25,1.0
u_slope_raw_integration_cost[45],0.087,0.98,-1.72,1.983,0.008,0.013,15357.685,6193.309,1.0
u_slope_raw_integration_cost[46],0.147,0.984,-1.675,2.028,0.008,0.013,14289.747,5886.362,1.0
u_slope_raw_integration_cost[47],-0.35,0.971,-2.251,1.376,0.009,0.012,12124.561,5890.873,1.001
u_slope_raw_integration_cost[48],-0.069,1.002,-1.895,1.886,0.008,0.013,15995.846,5191.831,1.001
u_slope_raw_integration_cost[49],0.116,0.968,-1.672,1.917,0.008,0.012,15730.155,5649.618,1.002
u_slope_raw_integration_cost[50],0.046,0.969,-1.702,1.949,0.009,0.012,12469.191,5563.671,1.001
u_slope_raw_integration_cost[51],-0.112,0.98,-2.046,1.651,0.008,0.014,16553.184,5705.006,1.0
u_slope_raw_integration_cost[52],-0.074,0.979,-1.867,1.845,0.009,0.013,11785.527,5249.085,1.002
u_slope_raw_integration_cost[53],-0.365,0.996,-2.287,1.462,0.009,0.013,11815.381,5521.387,1.0
u_slope_raw_integration_cost[54],0.088,1.0,-1.756,2.035,0.008,0.012,15850.593,5937.704,1.0
u_slope_raw_integration_cost[55],-0.171,0.945,-1.937,1.556,0.008,0.012,14728.431,6155.879,1.0
u_slope_raw_integration_cost[56],-0.016,0.98,-1.793,1.894,0.008,0.012,14325.626,5791.155,1.001
u_slope_raw_integration_cost[57],-0.061,0.989,-1.876,1.883,0.007,0.013,18027.536,5784.809,1.0
u_slope_raw_integration_cost[58],-0.054,1.005,-1.916,1.844,0.008,0.012,16216.867,5971.714,1.001
u_slope_raw_integration_cost[59],-0.374,0.992,-2.232,1.484,0.009,0.012,12443.629,5312.686,1.0
u_slope_raw_integration_cost[60],0.541,0.995,-1.344,2.349,0.01,0.012,9862.63,5388.367,1.0
u_slope_raw_integration_cost[61],-0.091,1.006,-2.07,1.67,0.008,0.013,14464.31,5325.468,1.0
u_slope_raw_integration_cost[62],-0.083,0.977,-1.863,1.735,0.008,0.012,15648.204,6092.191,1.002
u_slope_raw_integration_cost[63],-0.075,0.985,-1.899,1.808,0.008,0.013,14586.908,5658.472,1.001
u_slope_raw_integration_cost[64],-0.23,0.973,-1.978,1.694,0.008,0.012,13209.306,5911.094,1.001
u_slope_raw_integration_cost[65],0.095,0.961,-1.791,1.839,0.008,0.013,13777.202,5118.828,1.001
u_slope_raw_integration_cost[66],0.173,0.99,-1.683,2.042,0.008,0.012,15002.978,5514.777,1.0
u_slope_raw_integration_cost[67],-0.303,0.962,-2.018,1.576,0.009,0.012,11640.345,6348.656,1.0
u_slope_raw_integration_cost[68],0.544,1.007,-1.373,2.403,0.01,0.012,10781.614,6076.784,1.0
u_slope_raw_integration_cost[69],-0.063,1.01,-1.976,1.832,0.007,0.013,18894.496,5868.116,1.001
u_slope_raw_integration_cost[70],0.234,0.986,-1.726,1.95,0.008,0.014,13626.435,5303.705,1.0
u_slope_raw_integration_cost[71],0.08,0.968,-1.76,1.854,0.009,0.012,12503.738,5717.56,1.0
u_slope_raw_integration_cost[72],0.011,0.983,-1.871,1.83,0.008,0.012,13832.246,5856.757,1.0
u_slope_raw_integration_cost[73],0.291,0.964,-1.569,2.032,0.01,0.011,10114.798,6263.322,1.0
u_slope_raw_integration_cost[74],0.186,0.956,-1.53,2.035,0.009,0.013,12345.534,5412.012,1.001
u_slope_raw_integration_cost[75],-0.246,1.031,-2.221,1.655,0.009,0.013,11957.173,4960.442,1.0
u_slope_raw_integration_cost[76],0.06,0.979,-1.715,1.948,0.008,0.012,13600.63,5838.692,1.0
u_slope_raw_integration_cost[77],-0.031,0.969,-1.894,1.743,0.007,0.012,16884.556,5535.094,1.001
u_slope_raw_integration_cost[78],0.023,0.974,-1.825,1.878,0.007,0.013,17341.56,5847.052,1.0
u_slope_raw_integration_cost[79],-0.149,0.983,-2.029,1.642,0.008,0.012,13556.507,5822.847,1.0
u_slope_raw_integration_cost[80],0.164,0.976,-1.634,2.052,0.008,0.012,14475.366,5844.187,1.0
u_slope_raw_integration_cost[81],-0.099,0.978,-1.889,1.784,0.008,0.012,13969.894,5670.74,1.0
u_slope_raw_integration_cost[82],0.041,0.975,-1.911,1.772,0.008,0.013,15804.78,5592.601,1.0
u_slope_raw_integration_cost[83],-0.127,0.938,-1.877,1.605,0.008,0.013,14670.727,5472.179,1.0
u_slope_raw_integration_cost[84],-0.097,0.956,-1.833,1.684,0.008,0.012,13397.545,5622.242,1.0
u_slope_raw_integration_cost[85],-0.063,0.973,-1.93,1.703,0.008,0.012,14297.733,5871.556,1.0
u_slope_raw_integration_cost[86],-0.097,0.961,-1.815,1.796,0.008,0.012,15323.594,5767.352,1.0
u_slope_raw_integration_cost[87],-0.084,0.977,-1.992,1.701,0.008,0.012,14253.121,5709.757,1.0
u_slope_raw_integration_cost[88],0.006,0.957,-1.785,1.763,0.008,0.013,12734.118,5663.22,1.001
u_slope_raw_integration_cost[89],0.087,0.964,-1.689,1.92,0.009,0.013,11720.853,5671.937,1.001
u_slope_raw_integration_cost[90],-0.178,0.971,-2.024,1.637,0.008,0.013,15132.229,5617.163,1.001
u_slope_raw_integration_cost[91],-0.076,0.989,-2.007,1.716,0.007,0.014,19054.144,5214.08,1.001
u_slope_raw_integration_cost[92],0.266,0.98,-1.542,2.12,0.008,0.012,15506.253,5873.994,1.0
u_slope_raw_integration_cost[93],0.114,1.008,-1.762,2.0,0.008,0.013,16404.26,5769.014,1.0
u_slope_raw_integration_cost[94],0.284,0.985,-1.534,2.16,0.008,0.013,15472.49,6093.847,1.0
u_slope_raw_integration_cost[95],0.105,0.974,-1.741,1.91,0.008,0.012,15724.685,5562.981,1.001
u_slope_raw_integration_cost[96],0.09,0.994,-1.823,1.931,0.009,0.012,12264.069,6006.339,1.0
u_slope_raw_integration_cost[97],-0.039,0.978,-1.875,1.75,0.007,0.014,17306.372,5105.794,1.0
u_slope_raw_integration_cost[98],0.465,1.004,-1.459,2.26,0.01,0.011,10969.194,6488.614,1.0
u_slope_raw_integration_cost[99],0.038,0.954,-1.75,1.796,0.008,0.013,13500.987,5987.617,1.0
u_slope_raw_integration_cost[100],0.159,1.005,-1.677,2.102,0.008,0.014,17230.757,5521.193,1.0
u_slope_raw_integration_cost[101],-0.111,0.954,-1.952,1.643,0.008,0.012,15168.158,6118.621,1.0
u_slope_raw_integration_cost[102],0.116,0.996,-1.739,2.01,0.009,0.013,13217.727,5272.099,1.0
u_slope_raw_integration_cost[103],-0.332,0.984,-2.204,1.508,0.008,0.013,13369.953,5734.261,1.0
u_slope_raw_integration_cost[104],-0.075,0.972,-1.907,1.738,0.008,0.012,14421.117,6114.358,1.0
u_slope_raw_integration_cost[105],-0.123,1.003,-2.038,1.743,0.008,0.013,17324.88,5305.824,1.001
u_slope_raw_integration_cost[106],0.033,1.004,-1.772,1.963,0.009,0.013,12547.223,5293.428,1.001
u_slope_raw_integration_cost[107],-0.142,0.972,-1.91,1.745,0.008,0.013,15516.1,5450.085,1.002
u_slope_raw_integration_cost[108],-0.171,0.984,-1.957,1.746,0.008,0.013,13712.935,5466.066,1.001
u_slope_raw_integration_cost[109],-0.141,0.987,-1.958,1.744,0.008,0.013,15199.955,5542.909,1.001
u_slope_raw_integration_cost[110],0.135,0.969,-1.608,2.029,0.008,0.012,14166.265,5970.472,1.0
u_slope_raw_integration_cost[111],-0.122,0.969,-1.913,1.683,0.008,0.011,14868.178,6298.977,1.0
u_slope_raw_integration_cost[112],-0.083,0.977,-1.937,1.677,0.009,0.012,13031.727,5760.832,1.001
u_slope_raw_integration_cost[113],0.091,0.99,-1.773,1.945,0.009,0.012,12470.848,5802.449,1.001
u_slope_raw_integration_cost[114],0.283,0.977,-1.55,2.145,0.009,0.012,12782.881,5913.932,1.0
u_slope_raw_integration_cost[115],0.131,0.974,-1.761,1.931,0.008,0.013,16842.426,5543.246,1.0
u_slope_raw_integration_cost[116],0.12,0.972,-1.702,1.911,0.008,0.013,14004.159,5723.927,1.001
u_slope_raw_integration_cost[117],-0.143,0.994,-2.032,1.739,0.008,0.014,14718.416,5228.398,1.0
u_slope_raw_integration_cost[118],-0.128,0.986,-1.991,1.712,0.008,0.013,14694.783,5384.192,1.001
u_slope_raw_integration_cost[119],-0.258,0.971,-2.056,1.541,0.008,0.012,13437.776,5906.703,1.0
u_slope_raw_integration_cost[120],-0.069,0.978,-2.012,1.656,0.007,0.014,18287.016,5194.949,1.0
u_slope_raw_integration_cost[121],-0.058,0.965,-1.88,1.731,0.008,0.013,14863.28,5225.717,1.0
u_slope_raw_integration_cost[122],-0.259,0.955,-2.027,1.565,0.008,0.012,14176.845,5715.125,1.001
u_slope_raw_integration_cost[123],-0.101,0.979,-2.019,1.633,0.008,0.012,13952.123,5615.869,1.001
u_slope_raw_integration_cost[124],-0.054,0.996,-1.908,1.819,0.008,0.015,14513.689,5225.524,1.0
u_slope_raw_integration_cost[125],0.552,1.027,-1.364,2.505,0.011,0.014,9305.711,5325.345,1.0
u_slope_raw_integration_cost[126],0.1,0.971,-1.754,1.924,0.008,0.014,15406.622,5126.225,1.0
u_slope_raw_integration_cost[127],0.364,0.998,-1.411,2.339,0.009,0.013,12005.293,5465.623,1.0
u_slope_raw_integration_cost[128],0.012,0.988,-1.83,1.85,0.008,0.012,13778.982,6086.918,1.0
u_slope_raw_integration_cost[129],0.055,0.975,-1.78,1.843,0.009,0.012,11888.9,6032.329,1.0
u_slope_raw_integration_cost[130],0.037,1.011,-1.841,1.947,0.007,0.014,18373.936,5417.133,1.001
u_slope_raw_integration_cost[131],-0.002,0.988,-1.897,1.841,0.009,0.012,11265.601,5478.897,1.002
u_slope_raw_integration_cost[132],-0.051,0.966,-1.827,1.764,0.008,0.012,13216.235,5625.422,1.001
u_slope_raw_integration_cost[133],0.035,0.968,-1.798,1.84,0.008,0.012,15564.469,5930.447,1.0
u_slope_raw_integration_cost[134],0.032,0.988,-1.793,1.925,0.009,0.013,12467.401,5599.419,1.001
u_slope_raw_integration_cost[135],-0.034,0.977,-1.839,1.814,0.008,0.013,16093.515,5402.463,1.001
u_slope_raw_integration_cost[136],-0.304,0.966,-2.11,1.531,0.009,0.013,12813.58,5515.028,1.001
u_slope_raw_integration_cost[137],0.204,0.978,-1.597,2.068,0.009,0.013,11496.249,5543.266,1.0
u_slope_raw_integration_cost[138],-0.012,0.986,-1.753,1.918,0.008,0.013,16455.626,5712.77,1.0
u_slope_raw_integration_cost[139],0.272,0.998,-1.552,2.218,0.009,0.012,11921.869,6018.141,1.0
u_slope_raw_integration_cost[140],-0.067,0.998,-2.031,1.708,0.008,0.012,15540.954,5448.252,1.0
u_slope_raw_integration_cost[141],-0.085,0.967,-1.96,1.643,0.008,0.012,15132.834,6264.231,1.001
u_slope_raw_integration_cost[142],-0.258,0.983,-2.145,1.542,0.009,0.013,11910.814,5488.216,1.001
u_slope_raw_integration_cost[143],0.247,0.996,-1.695,2.098,0.008,0.012,15091.455,5288.825,1.0
u_slope_raw_integration_cost[144],0.006,0.977,-1.815,1.853,0.007,0.013,18448.349,5955.612,1.0
u_slope_raw_integration_cost[145],-0.182,0.98,-2.035,1.645,0.008,0.012,14542.009,5688.721,1.001
u_slope_raw_integration_cost[146],0.015,0.978,-1.763,1.906,0.008,0.013,14680.114,5705.617,1.001
u_slope_raw_integration_cost[147],0.276,0.952,-1.452,2.094,0.008,0.012,13111.969,5935.26,1.0
u_slope_raw_integration_cost[148],-0.015,0.956,-1.899,1.713,0.009,0.012,11793.928,5052.934,1.0
u_slope_raw_integration_cost[149],-0.039,0.968,-1.832,1.792,0.008,0.012,13968.61,5877.823,1.001
u_slope_raw_integration_cost[150],-0.337,0.973,-2.125,1.489,0.009,0.012,12041.331,5736.37,1.001
u_slope_raw_integration_cost[151],0.21,1.0,-1.709,2.047,0.008,0.013,14156.148,5412.2,1.0
u_slope_raw_integration_cost[152],0.083,0.958,-1.756,1.875,0.008,0.012,16032.421,6174.301,1.0
u_slope_raw_integration_cost[153],-0.0,1.001,-1.814,1.949,0.008,0.013,13899.965,5250.479,1.0
u_slope_raw_integration_cost[154],0.211,0.949,-1.538,2.019,0.008,0.012,14227.77,5349.686,1.001
u_slope_raw_integration_cost[155],-0.177,0.994,-2.063,1.66,0.009,0.013,12371.1,5968.581,1.001
u_slope_raw_integration_cost[156],-0.09,0.979,-1.952,1.752,0.009,0.012,12551.275,5868.963,1.001
u_slope_raw_integration_cost[157],0.015,0.958,-1.71,1.913,0.008,0.012,14975.2,5112.267,1.002
u_slope_raw_integration_cost[158],0.051,0.954,-1.715,1.855,0.008,0.012,13402.935,5738.978,1.003
u_slope_raw_integration_cost[159],-0.152,0.971,-2.016,1.641,0.008,0.012,14150.014,5933.59,1.0
u_slope_raw_integration_cost[160],-0.063,0.977,-1.892,1.744,0.008,0.012,15067.613,6180.288,1.0
u_slope_raw_integration_cost[161],-0.006,1.006,-1.848,1.922,0.009,0.013,13749.342,5305.215,1.001
u_slope_raw_integration_cost[162],0.04,0.997,-1.874,1.857,0.008,0.013,16177.413,5918.693,1.0
u_slope_raw_integration_cost[163],-0.081,0.961,-1.908,1.672,0.008,0.012,14371.105,5844.565,1.001
u_slope_raw_integration_cost[164],0.112,0.981,-1.659,1.986,0.009,0.012,12609.927,6102.302,1.0
u_slope_raw_integration_cost[165],-0.598,1.014,-2.495,1.326,0.01,0.012,9960.754,5896.061,1.001
u_slope_raw_integration_cost[166],0.114,0.989,-1.728,1.979,0.009,0.012,12298.362,6149.317,1.002
u_slope_raw_integration_cost[167],0.089,0.995,-1.812,1.906,0.008,0.013,14219.399,5228.88,1.001
u_slope_raw_integration_cost[168],-0.01,0.958,-1.805,1.797,0.008,0.013,14805.656,5715.037,1.0
u_slope_raw_integration_cost[169],-0.178,0.979,-2.014,1.666,0.008,0.012,15467.186,6078.212,1.0
u_slope_raw_integration_cost[170],-0.118,0.982,-1.94,1.736,0.009,0.013,13047.518,5325.617,1.0
u_slope_raw_integration_cost[171],-0.082,0.973,-1.897,1.734,0.008,0.012,16644.318,5971.574,1.001
u_slope_raw_integration_cost[172],-0.358,1.019,-2.218,1.632,0.009,0.015,13121.794,5338.946,1.0
u_slope_raw_integration_cost[173],0.365,0.987,-1.526,2.184,0.009,0.011,12772.986,6048.588,1.001
u_slope_raw_integration_cost[174],0.152,0.978,-1.708,1.937,0.009,0.012,11988.944,5434.557,1.001
u_slope_raw_integration_cost[175],0.036,0.964,-1.803,1.87,0.009,0.012,12345.189,5796.649,1.0
u_slope_raw_integration_cost[176],-0.119,0.983,-1.97,1.722,0.008,0.013,14884.899,5326.93,1.0
u_slope_raw_integration_cost[177],-0.005,0.993,-1.91,1.795,0.007,0.013,17675.855,5361.706,1.001
u_slope_raw_integration_cost[178],-0.399,1.008,-2.172,1.589,0.009,0.013,12552.01,5568.265,1.001
sigma_u0,0.245,0.013,0.221,0.271,0.001,0.0,309.178,745.569,1.015
sigma_slope_gpt2_surprisal,0.013,0.002,0.01,0.016,0.0,0.0,3616.073,5077.87,1.001
sigma_slope_integration_cost,0.003,0.002,0.0,0.006,0.0,0.0,2251.42,3438.652,1.001
sigma_eps,0.26,0.001,0.258,0.261,0.0,0.0,12047.731,5331.357,1.001
u0[0],-0.188,0.024,-0.232,-0.142,0.002,0.001,151.202,554.618,1.018
u0[1],-0.035,0.022,-0.076,0.006,0.002,0.001,118.745,317.805,1.024
u0[2],-0.184,0.025,-0.232,-0.139,0.002,0.001,151.94,609.742,1.018
u0[3],-0.268,0.026,-0.314,-0.218,0.002,0.001,162.549,427.576,1.015
u0[4],-0.416,0.025,-0.462,-0.369,0.002,0.001,148.597,465.83,1.02
u0[5],0.203,0.025,0.158,0.249,0.002,0.001,151.126,496.968,1.019
u0[6],0.295,0.039,0.221,0.37,0.002,0.001,444.72,1782.837,1.007
u0[7],0.033,0.024,-0.011,0.08,0.002,0.001,144.098,432.373,1.019
u0[8],0.187,0.024,0.143,0.234,0.002,0.001,147.957,491.496,1.019
u0[9],-0.163,0.049,-0.25,-0.068,0.002,0.001,705.146,2805.703,1.006
u0[10],-0.129,0.024,-0.173,-0.082,0.002,0.001,149.825,396.13,1.019
u0[11],-0.015,0.024,-0.059,0.032,0.002,0.001,148.928,484.778,1.019
u0[12],0.088,0.024,0.041,0.131,0.002,0.001,145.034,496.745,1.02
u0[13],0.417,0.044,0.334,0.499,0.002,0.001,462.752,2007.022,1.007
u0[14],0.027,0.024,-0.018,0.072,0.002,0.001,138.802,454.204,1.022
u0[15],-0.415,0.026,-0.464,-0.366,0.002,0.001,184.963,598.184,1.015
u0[16],-0.059,0.027,-0.11,-0.008,0.002,0.001,177.466,636.266,1.017
u0[17],0.162,0.025,0.115,0.208,0.002,0.001,155.946,453.974,1.017
u0[18],-0.229,0.085,-0.387,-0.069,0.001,0.001,3673.503,4815.67,1.001
u0[19],-0.17,0.024,-0.216,-0.126,0.002,0.001,145.107,460.797,1.018
u0[20],-0.09,0.025,-0.134,-0.042,0.002,0.001,146.741,459.994,1.021
u0[21],-0.029,0.025,-0.077,0.017,0.002,0.001,149.725,384.753,1.019
u0[22],0.222,0.025,0.176,0.268,0.002,0.001,157.576,553.055,1.018
u0[23],-0.252,0.024,-0.297,-0.208,0.002,0.001,136.719,385.858,1.021
u0[24],-0.429,0.024,-0.476,-0.384,0.002,0.001,149.635,490.096,1.019
u0[25],0.277,0.025,0.231,0.325,0.002,0.001,162.426,601.35,1.016
u0[26],0.314,0.024,0.269,0.36,0.002,0.001,148.407,489.898,1.018
u0[27],-0.085,0.032,-0.142,-0.022,0.002,0.001,265.287,1177.677,1.01
u0[28],-0.043,0.024,-0.087,0.003,0.002,0.001,151.13,533.648,1.02
u0[29],0.125,0.024,0.079,0.17,0.002,0.001,155.927,506.058,1.019
u0[30],0.212,0.025,0.166,0.257,0.002,0.001,152.764,464.094,1.017
u0[31],0.121,0.025,0.071,0.167,0.002,0.001,159.47,492.223,1.019
u0[32],-0.017,0.025,-0.063,0.031,0.002,0.001,156.872,494.044,1.019
u0[33],-0.175,0.025,-0.219,-0.127,0.002,0.001,148.187,437.888,1.02
u0[34],0.105,0.024,0.059,0.15,0.002,0.001,140.712,441.375,1.02
u0[35],0.078,0.022,0.037,0.12,0.002,0.001,119.849,297.088,1.024
u0[36],-0.205,0.024,-0.25,-0.162,0.002,0.001,146.318,397.089,1.019
u0[37],0.184,0.025,0.139,0.229,0.002,0.001,149.364,514.449,1.019
u0[38],-0.167,0.025,-0.215,-0.121,0.002,0.001,155.867,459.601,1.018
u0[39],0.02,0.024,-0.024,0.068,0.002,0.001,146.653,511.349,1.019
u0[40],-0.235,0.081,-0.384,-0.08,0.002,0.001,2703.652,5097.984,1.001
u0[41],-0.032,0.027,-0.08,0.022,0.002,0.001,185.278,579.471,1.016
u0[42],0.052,0.024,0.006,0.097,0.002,0.001,154.371,420.035,1.019
u0[43],-0.057,0.026,-0.105,-0.009,0.002,0.001,160.87,657.568,1.017
u0[44],0.08,0.025,0.035,0.127,0.002,0.001,143.803,469.033,1.019
u0[45],-0.163,0.026,-0.207,-0.111,0.002,0.001,163.44,485.486,1.019
u0[46],-0.411,0.025,-0.455,-0.362,0.002,0.001,155.975,549.073,1.017
u0[47],0.111,0.025,0.067,0.159,0.002,0.001,150.99,541.283,1.019
u0[48],-0.428,0.026,-0.477,-0.381,0.002,0.001,150.665,493.267,1.02
u0[49],0.425,0.025,0.38,0.473,0.002,0.001,158.239,581.948,1.018
u0[50],-0.041,0.026,-0.088,0.007,0.002,0.001,162.515,573.133,1.019
u0[51],-0.236,0.025,-0.28,-0.187,0.002,0.001,146.219,421.892,1.018
u0[52],-0.066,0.025,-0.113,-0.021,0.002,0.001,153.628,600.778,1.017
u0[53],0.096,0.024,0.051,0.141,0.002,0.001,140.767,397.286,1.02
u0[54],0.139,0.038,0.065,0.207,0.002,0.001,393.599,1869.897,1.007
u0[55],0.389,0.025,0.34,0.436,0.002,0.001,150.921,567.483,1.018
u0[56],-0.19,0.025,-0.237,-0.145,0.002,0.001,146.589,445.065,1.018
u0[57],0.324,0.025,0.276,0.37,0.002,0.001,150.902,424.295,1.02
u0[58],-0.653,0.089,-0.818,-0.483,0.001,0.001,3867.93,5020.281,1.0
u0[59],-0.05,0.024,-0.093,-0.003,0.002,0.001,139.836,412.205,1.02
u0[60],-0.017,0.024,-0.062,0.029,0.002,0.001,144.077,396.303,1.02
u0[61],-0.613,0.098,-0.8,-0.431,0.002,0.001,3850.447,5875.785,1.001
u0[62],-0.341,0.026,-0.391,-0.294,0.002,0.001,166.776,503.707,1.015
u0[63],-0.178,0.025,-0.225,-0.132,0.002,0.001,152.255,478.609,1.02
u0[64],-0.205,0.025,-0.25,-0.157,0.002,0.001,146.472,442.328,1.019
u0[65],-0.052,0.024,-0.095,-0.004,0.002,0.001,150.188,413.057,1.018
u0[66],0.242,0.025,0.199,0.292,0.002,0.001,145.143,479.259,1.02
u0[67],-0.107,0.026,-0.157,-0.06,0.002,0.001,159.636,593.84,1.017
u0[68],0.219,0.022,0.178,0.261,0.002,0.001,119.054,265.816,1.023
u0[69],-0.014,0.04,-0.093,0.056,0.002,0.001,458.094,2048.79,1.006
u0[70],-0.409,0.025,-0.456,-0.363,0.002,0.001,153.75,479.921,1.02
u0[71],0.328,0.024,0.282,0.372,0.002,0.001,140.34,377.506,1.022
u0[72],-0.195,0.025,-0.241,-0.147,0.002,0.001,162.518,568.969,1.016
u0[73],-0.161,0.023,-0.202,-0.116,0.002,0.001,122.492,352.709,1.023
u0[74],-0.207,0.022,-0.248,-0.165,0.002,0.001,123.029,320.873,1.024
u0[75],0.12,0.03,0.066,0.176,0.002,0.001,220.168,1141.51,1.013
u0[76],0.242,0.025,0.196,0.287,0.002,0.001,154.921,506.302,1.018
u0[77],-0.12,0.025,-0.165,-0.071,0.002,0.001,153.4,428.936,1.018
u0[78],-0.006,0.026,-0.055,0.04,0.002,0.001,169.783,504.887,1.017
u0[79],0.121,0.025,0.074,0.169,0.002,0.001,156.451,509.745,1.018
u0[80],0.117,0.024,0.071,0.163,0.002,0.001,145.663,534.296,1.02
u0[81],-0.002,0.024,-0.047,0.043,0.002,0.001,146.142,460.782,1.019
u0[82],-0.227,0.024,-0.274,-0.183,0.002,0.001,140.66,536.887,1.022
u0[83],-0.007,0.022,-0.048,0.035,0.002,0.001,114.99,311.067,1.026
u0[84],-0.036,0.022,-0.076,0.007,0.002,0.001,121.392,310.638,1.023
u0[85],0.286,0.025,0.239,0.331,0.002,0.001,156.496,433.379,1.019
u0[86],-0.398,0.025,-0.443,-0.348,0.002,0.001,153.554,530.89,1.019
u0[87],-0.063,0.025,-0.108,-0.016,0.002,0.001,151.956,426.86,1.018
u0[88],-0.255,0.024,-0.298,-0.207,0.002,0.001,150.098,491.591,1.02
u0[89],0.123,0.024,0.08,0.17,0.002,0.001,144.524,392.857,1.02
u0[90],0.165,0.025,0.12,0.211,0.002,0.001,152.982,455.303,1.017
u0[91],0.138,0.024,0.096,0.185,0.002,0.001,139.242,533.927,1.019
u0[92],0.328,0.024,0.281,0.373,0.002,0.001,149.271,626.708,1.019
u0[93],0.065,0.047,-0.023,0.155,0.002,0.001,765.091,2563.781,1.003
u0[94],-0.362,0.025,-0.409,-0.317,0.002,0.001,146.239,516.192,1.019
u0[95],-0.325,0.025,-0.37,-0.278,0.002,0.001,151.021,446.807,1.017
u0[96],0.293,0.025,0.246,0.338,0.002,0.001,144.599,507.506,1.021
u0[97],0.108,0.025,0.062,0.154,0.002,0.001,143.841,453.972,1.019
u0[98],0.051,0.024,0.009,0.099,0.002,0.001,143.436,491.7,1.019
u0[99],0.155,0.025,0.108,0.2,0.002,0.001,149.076,450.501,1.02
u0[100],-0.079,0.037,-0.148,-0.011,0.002,0.0,403.581,1289.117,1.006
u0[101],-0.068,0.025,-0.115,-0.023,0.002,0.001,140.868,417.405,1.021
u0[102],-0.269,0.026,-0.318,-0.222,0.002,0.001,162.377,578.546,1.019
u0[103],-0.017,0.023,-0.059,0.026,0.002,0.001,127.721,329.761,1.022
u0[104],-0.266,0.025,-0.312,-0.22,0.002,0.001,143.659,523.784,1.021
u0[105],-0.018,0.029,-0.073,0.038,0.002,0.001,215.064,736.212,1.012
u0[106],-0.473,0.034,-0.538,-0.409,0.002,0.0,310.969,1749.516,1.009
u0[107],0.067,0.025,0.022,0.115,0.002,0.001,148.181,502.827,1.018
u0[108],0.062,0.025,0.016,0.109,0.002,0.001,147.577,497.532,1.02
u0[109],-0.056,0.025,-0.103,-0.01,0.002,0.001,143.738,402.599,1.018
u0[110],0.401,0.022,0.36,0.444,0.002,0.001,123.132,325.861,1.024
u0[111],-0.181,0.027,-0.231,-0.128,0.002,0.001,179.28,633.664,1.016
u0[112],0.18,0.024,0.134,0.223,0.002,0.001,142.042,438.377,1.021
u0[113],0.211,0.024,0.168,0.258,0.002,0.001,138.591,386.846,1.02
u0[114],0.495,0.025,0.448,0.542,0.002,0.001,155.392,485.951,1.018
u0[115],0.027,0.024,-0.017,0.073,0.002,0.001,146.454,481.452,1.019
u0[116],0.292,0.023,0.251,0.336,0.002,0.001,129.544,389.023,1.022
u0[117],0.159,0.024,0.114,0.206,0.002,0.001,146.142,580.11,1.02
u0[118],-0.181,0.025,-0.227,-0.134,0.002,0.001,155.488,449.329,1.019
u0[119],-0.209,0.024,-0.254,-0.163,0.002,0.001,147.346,549.465,1.019
u0[120],0.234,0.025,0.188,0.28,0.002,0.001,153.192,501.331,1.019
u0[121],-0.215,0.024,-0.259,-0.168,0.002,0.001,146.763,469.118,1.02
u0[122],-0.296,0.022,-0.337,-0.255,0.002,0.001,118.697,279.239,1.024
u0[123],-0.165,0.028,-0.217,-0.114,0.002,0.001,192.351,981.738,1.018
u0[124],0.273,0.024,0.228,0.319,0.002,0.001,154.981,443.927,1.018
u0[125],-0.068,0.025,-0.114,-0.022,0.002,0.001,153.989,521.888,1.019
u0[126],0.016,0.026,-0.03,0.069,0.002,0.001,163.865,531.156,1.016
u0[127],0.416,0.025,0.37,0.463,0.002,0.001,147.765,497.037,1.02
u0[128],0.27,0.024,0.227,0.317,0.002,0.001,148.602,495.433,1.021
u0[129],0.368,0.024,0.322,0.413,0.002,0.001,153.304,494.531,1.017
u0[130],0.161,0.065,0.038,0.285,0.002,0.001,1679.402,5077.132,1.003
u0[131],-0.14,0.175,-0.465,0.181,0.002,0.002,12548.615,6160.746,1.001
u0[132],0.54,0.025,0.494,0.586,0.002,0.001,158.109,478.869,1.018
u0[133],0.32,0.027,0.269,0.37,0.002,0.001,177.935,603.009,1.015
u0[134],-0.088,0.025,-0.134,-0.042,0.002,0.001,142.797,559.688,1.022
u0[135],0.378,0.024,0.336,0.423,0.002,0.001,137.37,377.805,1.022
u0[136],-0.009,0.022,-0.049,0.034,0.002,0.001,123.106,323.407,1.021
u0[137],-0.356,0.025,-0.4,-0.306,0.002,0.001,159.252,541.233,1.017
u0[138],-0.162,0.038,-0.232,-0.092,0.002,0.001,366.511,1428.063,1.008
u0[139],0.532,0.025,0.488,0.58,0.002,0.001,152.156,526.245,1.019
u0[140],-0.28,0.077,-0.421,-0.135,0.001,0.001,2819.943,4754.221,1.002
u0[141],-0.025,0.027,-0.074,0.027,0.002,0.001,192.082,717.399,1.014
u0[142],0.303,0.025,0.258,0.35,0.002,0.001,151.539,425.806,1.018
u0[143],0.483,0.024,0.439,0.529,0.002,0.001,138.664,434.042,1.02
u0[144],-0.193,0.025,-0.237,-0.143,0.002,0.001,159.261,496.579,1.019
u0[145],-0.23,0.024,-0.277,-0.186,0.002,0.001,137.879,419.676,1.021
u0[146],0.047,0.025,0.001,0.093,0.002,0.001,149.641,522.719,1.019
u0[147],0.323,0.022,0.283,0.364,0.002,0.001,119.155,338.995,1.025
u0[148],-0.158,0.026,-0.207,-0.11,0.002,0.001,161.101,382.901,1.018
u0[149],-0.04,0.025,-0.088,0.007,0.002,0.001,153.502,450.313,1.019
u0[150],-0.084,0.023,-0.125,-0.039,0.002,0.001,126.391,311.414,1.021
u0[151],-0.084,0.024,-0.131,-0.039,0.002,0.001,148.36,462.313,1.017
u0[152],0.159,0.024,0.112,0.204,0.002,0.001,148.064,452.291,1.02
u0[153],0.163,0.178,-0.181,0.493,0.002,0.002,12133.742,5702.14,1.002
u0[154],-0.337,0.022,-0.382,-0.298,0.002,0.001,124.461,380.92,1.023
u0[155],-0.251,0.024,-0.296,-0.205,0.002,0.001,140.046,357.962,1.02
u0[156],0.001,0.025,-0.045,0.047,0.002,0.001,147.192,455.767,1.02
u0[157],-0.265,0.024,-0.311,-0.22,0.002,0.001,138.578,503.09,1.022
u0[158],0.718,0.022,0.677,0.759,0.002,0.001,125.727,357.382,1.022
u0[159],0.44,0.024,0.395,0.484,0.002,0.001,141.632,437.552,1.021
u0[160],0.235,0.025,0.191,0.284,0.002,0.001,156.831,565.004,1.017
u0[161],-0.016,0.05,-0.108,0.081,0.002,0.001,781.52,2553.634,1.003
u0[162],-0.135,0.026,-0.184,-0.087,0.002,0.001,174.029,692.759,1.016
u0[163],-0.127,0.025,-0.17,-0.078,0.002,0.001,145.531,507.126,1.02
u0[164],-0.092,0.03,-0.148,-0.037,0.002,0.001,226.439,836.234,1.011
u0[165],-0.301,0.023,-0.343,-0.258,0.002,0.001,124.577,341.932,1.023
u0[166],0.426,0.026,0.377,0.473,0.002,0.001,162.895,557.747,1.018
u0[167],0.266,0.024,0.222,0.311,0.002,0.001,147.027,526.15,1.02
u0[168],-0.098,0.025,-0.144,-0.053,0.002,0.001,150.434,584.574,1.02
u0[169],0.075,0.025,0.03,0.123,0.002,0.001,151.63,492.357,1.02
u0[170],0.048,0.024,0.003,0.096,0.002,0.001,145.836,393.555,1.02
u0[171],-0.031,0.025,-0.076,0.018,0.002,0.001,158.117,550.518,1.019
u0[172],0.073,0.024,0.028,0.117,0.002,0.001,140.416,341.108,1.021
u0[173],-0.22,0.026,-0.267,-0.169,0.002,0.001,177.321,658.364,1.016
u0[174],0.34,0.024,0.294,0.384,0.002,0.001,137.55,395.154,1.022
u0[175],-0.167,0.025,-0.212,-0.119,0.002,0.001,152.041,422.935,1.019
u0[176],0.01,0.027,-0.038,0.061,0.002,0.001,182.351,636.039,1.016
u0[177],-0.043,0.043,-0.119,0.041,0.002,0.001,484.594,2426.894,1.005
u0[178],0.397,0.025,0.353,0.446,0.002,0.001,151.537,503.143,1.018
u_slope_gpt2_surprisal[0],-0.006,0.01,-0.024,0.014,0.0,0.0,13828.431,5487.785,1.001
u_slope_gpt2_surprisal[1],0.006,0.008,-0.009,0.023,0.0,0.0,13325.319,5751.725,1.0
u_slope_gpt2_surprisal[2],0.003,0.009,-0.014,0.021,0.0,0.0,13504.129,5964.303,1.0
u_slope_gpt2_surprisal[3],-0.012,0.011,-0.031,0.009,0.0,0.0,15202.712,5869.529,1.001
u_slope_gpt2_surprisal[4],-0.007,0.01,-0.025,0.013,0.0,0.0,12849.303,5948.359,1.0
u_slope_gpt2_surprisal[5],-0.0,0.01,-0.02,0.019,0.0,0.0,12860.294,5311.558,1.001
u_slope_gpt2_surprisal[6],-0.0,0.012,-0.023,0.023,0.0,0.0,16879.884,5629.222,1.001
u_slope_gpt2_surprisal[7],-0.004,0.009,-0.022,0.012,0.0,0.0,13735.832,5686.067,1.001
u_slope_gpt2_surprisal[8],-0.013,0.01,-0.032,0.007,0.0,0.0,13190.304,5812.286,1.0
u_slope_gpt2_surprisal[9],0.002,0.013,-0.022,0.026,0.0,0.0,16188.542,5511.514,1.0
u_slope_gpt2_surprisal[10],-0.001,0.011,-0.022,0.018,0.0,0.0,16017.587,5429.072,1.0
u_slope_gpt2_surprisal[11],-0.006,0.01,-0.026,0.013,0.0,0.0,13573.97,5786.059,1.001
u_slope_gpt2_surprisal[12],0.004,0.009,-0.014,0.021,0.0,0.0,14449.199,5661.759,1.0
u_slope_gpt2_surprisal[13],-0.002,0.013,-0.026,0.022,0.0,0.0,14002.028,6037.316,1.001
u_slope_gpt2_surprisal[14],0.001,0.009,-0.016,0.02,0.0,0.0,14057.242,5198.355,1.001
u_slope_gpt2_surprisal[15],-0.004,0.011,-0.024,0.017,0.0,0.0,13090.701,5829.773,1.0
u_slope_gpt2_surprisal[16],-0.007,0.011,-0.027,0.013,0.0,0.0,15263.573,5842.282,1.001
u_slope_gpt2_surprisal[17],-0.004,0.01,-0.023,0.015,0.0,0.0,12970.636,5511.052,1.0
u_slope_gpt2_surprisal[18],0.003,0.013,-0.021,0.027,0.0,0.0,12123.234,5313.956,1.001
u_slope_gpt2_surprisal[19],-0.0,0.009,-0.017,0.018,0.0,0.0,14319.964,5597.753,1.0
u_slope_gpt2_surprisal[20],0.001,0.01,-0.018,0.021,0.0,0.0,15902.252,5411.141,1.0
u_slope_gpt2_surprisal[21],-0.006,0.01,-0.023,0.013,0.0,0.0,15339.944,6049.783,1.001
u_slope_gpt2_surprisal[22],0.001,0.01,-0.018,0.021,0.0,0.0,15565.855,5893.015,1.0
u_slope_gpt2_surprisal[23],0.002,0.009,-0.016,0.019,0.0,0.0,16393.518,6178.939,1.0
u_slope_gpt2_surprisal[24],-0.002,0.01,-0.02,0.019,0.0,0.0,13974.136,5323.822,1.0
u_slope_gpt2_surprisal[25],0.001,0.01,-0.018,0.02,0.0,0.0,13011.009,5602.728,1.0
u_slope_gpt2_surprisal[26],0.014,0.009,-0.004,0.031,0.0,0.0,11150.42,5684.318,1.002
u_slope_gpt2_surprisal[27],0.001,0.011,-0.019,0.023,0.0,0.0,14040.354,5809.446,1.0
u_slope_gpt2_surprisal[28],-0.007,0.01,-0.026,0.013,0.0,0.0,11532.532,5732.702,1.0
u_slope_gpt2_surprisal[29],-0.002,0.011,-0.022,0.018,0.0,0.0,16623.534,5847.93,1.001
u_slope_gpt2_surprisal[30],0.002,0.01,-0.017,0.021,0.0,0.0,13180.979,5709.306,1.001
u_slope_gpt2_surprisal[31],-0.001,0.01,-0.02,0.017,0.0,0.0,15626.457,5863.34,1.001
u_slope_gpt2_surprisal[32],-0.004,0.01,-0.023,0.015,0.0,0.0,14054.128,5590.335,1.001
u_slope_gpt2_surprisal[33],-0.004,0.01,-0.024,0.015,0.0,0.0,14453.55,5946.853,1.002
u_slope_gpt2_surprisal[34],0.002,0.01,-0.016,0.021,0.0,0.0,15170.578,5576.251,1.0
u_slope_gpt2_surprisal[35],0.007,0.008,-0.009,0.023,0.0,0.0,15339.02,5536.753,1.001
u_slope_gpt2_surprisal[36],-0.001,0.01,-0.018,0.019,0.0,0.0,16127.878,5927.395,1.0
u_slope_gpt2_surprisal[37],-0.0,0.01,-0.019,0.018,0.0,0.0,15949.104,5659.862,1.0
u_slope_gpt2_surprisal[38],-0.002,0.01,-0.02,0.016,0.0,0.0,13926.828,5937.771,1.0
u_slope_gpt2_surprisal[39],0.003,0.01,-0.018,0.022,0.0,0.0,16183.63,5593.421,1.001
u_slope_gpt2_surprisal[40],-0.002,0.013,-0.028,0.022,0.0,0.0,15196.458,6293.418,1.0
u_slope_gpt2_surprisal[41],-0.008,0.01,-0.027,0.011,0.0,0.0,14529.321,5915.995,1.001
u_slope_gpt2_surprisal[42],-0.004,0.01,-0.023,0.016,0.0,0.0,15939.056,5779.46,1.002
u_slope_gpt2_surprisal[43],0.006,0.011,-0.015,0.026,0.0,0.0,13050.528,5386.548,1.0
u_slope_gpt2_surprisal[44],-0.005,0.01,-0.024,0.015,0.0,0.0,14141.884,5603.081,1.0
u_slope_gpt2_surprisal[45],-0.005,0.01,-0.025,0.013,0.0,0.0,15982.835,6266.835,1.001
u_slope_gpt2_surprisal[46],-0.006,0.011,-0.026,0.014,0.0,0.0,15861.025,5948.957,1.001
u_slope_gpt2_surprisal[47],0.003,0.01,-0.017,0.022,0.0,0.0,12323.599,5477.539,1.0
u_slope_gpt2_surprisal[48],-0.006,0.009,-0.024,0.011,0.0,0.0,12471.883,6132.12,1.001
u_slope_gpt2_surprisal[49],-0.004,0.01,-0.022,0.015,0.0,0.0,15325.471,6327.124,1.001
u_slope_gpt2_surprisal[50],-0.013,0.01,-0.032,0.006,0.0,0.0,15134.077,5298.18,1.001
u_slope_gpt2_surprisal[51],-0.002,0.009,-0.018,0.016,0.0,0.0,14595.058,5882.954,1.002
u_slope_gpt2_surprisal[52],0.003,0.01,-0.016,0.023,0.0,0.0,10934.478,5493.337,1.0
u_slope_gpt2_surprisal[53],0.011,0.009,-0.006,0.029,0.0,0.0,14068.489,5879.397,1.001
u_slope_gpt2_surprisal[54],0.0,0.012,-0.022,0.023,0.0,0.0,17429.68,6129.758,1.002
u_slope_gpt2_surprisal[55],-0.008,0.01,-0.026,0.012,0.0,0.0,13690.405,6365.034,1.0
u_slope_gpt2_surprisal[56],-0.003,0.009,-0.02,0.015,0.0,0.0,13307.088,6186.544,1.0
u_slope_gpt2_surprisal[57],0.026,0.01,0.007,0.046,0.0,0.0,9840.037,5786.368,1.0
u_slope_gpt2_surprisal[58],0.004,0.013,-0.02,0.029,0.0,0.0,14310.37,5819.788,1.001
u_slope_gpt2_surprisal[59],-0.005,0.01,-0.023,0.015,0.0,0.0,14299.069,6122.52,1.0
u_slope_gpt2_surprisal[60],-0.016,0.01,-0.035,0.003,0.0,0.0,12809.112,5868.057,1.0
u_slope_gpt2_surprisal[61],-0.001,0.013,-0.026,0.024,0.0,0.0,14338.478,4891.76,1.002
u_slope_gpt2_surprisal[62],-0.001,0.01,-0.021,0.018,0.0,0.0,15397.742,5548.914,1.0
u_slope_gpt2_surprisal[63],-0.002,0.011,-0.022,0.018,0.0,0.0,15521.657,5765.085,1.0
u_slope_gpt2_surprisal[64],-0.003,0.011,-0.023,0.018,0.0,0.0,14967.799,5940.206,1.0
u_slope_gpt2_surprisal[65],-0.008,0.01,-0.028,0.012,0.0,0.0,12831.584,5011.443,1.0
u_slope_gpt2_surprisal[66],0.017,0.01,-0.002,0.037,0.0,0.0,11756.728,5950.563,1.0
u_slope_gpt2_surprisal[67],0.004,0.01,-0.014,0.022,0.0,0.0,14567.442,5480.578,1.0
u_slope_gpt2_surprisal[68],0.004,0.008,-0.011,0.019,0.0,0.0,12117.879,6093.309,1.0
u_slope_gpt2_surprisal[69],-0.003,0.012,-0.026,0.021,0.0,0.0,15155.746,6263.934,1.0
u_slope_gpt2_surprisal[70],-0.007,0.011,-0.027,0.013,0.0,0.0,14796.521,5759.108,1.0
u_slope_gpt2_surprisal[71],-0.005,0.01,-0.022,0.014,0.0,0.0,14649.53,6502.312,1.001
u_slope_gpt2_surprisal[72],-0.005,0.011,-0.026,0.015,0.0,0.0,15288.004,5570.952,1.0
u_slope_gpt2_surprisal[73],0.003,0.009,-0.013,0.02,0.0,0.0,15864.433,6243.247,1.001
u_slope_gpt2_surprisal[74],0.0,0.009,-0.016,0.016,0.0,0.0,12829.923,5793.134,1.0
u_slope_gpt2_surprisal[75],-0.004,0.011,-0.025,0.017,0.0,0.0,16260.588,5736.735,1.001
u_slope_gpt2_surprisal[76],0.003,0.01,-0.016,0.022,0.0,0.0,13267.306,5876.055,1.0
u_slope_gpt2_surprisal[77],0.006,0.01,-0.012,0.025,0.0,0.0,13872.464,6011.263,1.001
u_slope_gpt2_surprisal[78],0.004,0.011,-0.016,0.025,0.0,0.0,13813.143,5906.714,1.001
u_slope_gpt2_surprisal[79],0.004,0.01,-0.016,0.023,0.0,0.0,13348.883,5545.415,1.0
u_slope_gpt2_surprisal[80],0.011,0.009,-0.006,0.029,0.0,0.0,13054.895,5535.896,1.0
u_slope_gpt2_surprisal[81],0.003,0.01,-0.016,0.022,0.0,0.0,14181.535,5335.494,1.001
u_slope_gpt2_surprisal[82],-0.005,0.01,-0.024,0.013,0.0,0.0,14507.454,6040.965,1.001
u_slope_gpt2_surprisal[83],-0.003,0.008,-0.02,0.012,0.0,0.0,13499.539,5144.398,1.001
u_slope_gpt2_surprisal[84],0.009,0.008,-0.006,0.024,0.0,0.0,16256.745,5764.576,1.001
u_slope_gpt2_surprisal[85],0.001,0.01,-0.017,0.019,0.0,0.0,15446.974,5836.001,1.001
u_slope_gpt2_surprisal[86],0.002,0.01,-0.019,0.02,0.0,0.0,13808.134,5633.417,1.002
u_slope_gpt2_surprisal[87],-0.001,0.01,-0.02,0.017,0.0,0.0,12696.237,5683.193,1.002
u_slope_gpt2_surprisal[88],0.0,0.01,-0.018,0.021,0.0,0.0,15406.153,5966.201,1.001
u_slope_gpt2_surprisal[89],0.012,0.009,-0.006,0.03,0.0,0.0,13712.548,5834.863,1.001
u_slope_gpt2_surprisal[90],0.01,0.01,-0.009,0.031,0.0,0.0,13996.326,5843.326,1.0
u_slope_gpt2_surprisal[91],-0.003,0.01,-0.022,0.016,0.0,0.0,13856.222,5734.511,1.002
u_slope_gpt2_surprisal[92],-0.006,0.009,-0.023,0.011,0.0,0.0,14471.636,6099.935,1.0
u_slope_gpt2_surprisal[93],0.003,0.012,-0.019,0.027,0.0,0.0,13463.736,5167.049,1.001
u_slope_gpt2_surprisal[94],-0.004,0.009,-0.022,0.013,0.0,0.0,14964.411,5874.857,1.001
u_slope_gpt2_surprisal[95],0.007,0.01,-0.01,0.026,0.0,0.0,14766.178,5734.399,1.001
u_slope_gpt2_surprisal[96],0.007,0.01,-0.012,0.027,0.0,0.0,14852.262,5486.744,1.0
u_slope_gpt2_surprisal[97],-0.013,0.01,-0.03,0.006,0.0,0.0,15026.57,6602.72,1.0
u_slope_gpt2_surprisal[98],-0.004,0.009,-0.021,0.013,0.0,0.0,14115.009,5431.407,1.001
u_slope_gpt2_surprisal[99],-0.001,0.01,-0.02,0.017,0.0,0.0,15796.497,5566.594,1.0
u_slope_gpt2_surprisal[100],-0.003,0.013,-0.026,0.022,0.0,0.0,15518.521,5553.767,1.0
u_slope_gpt2_surprisal[101],0.004,0.01,-0.013,0.023,0.0,0.0,13327.491,6018.709,1.0
u_slope_gpt2_surprisal[102],-0.002,0.011,-0.022,0.019,0.0,0.0,15302.156,5265.935,1.001
u_slope_gpt2_surprisal[103],-0.004,0.009,-0.021,0.013,0.0,0.0,15565.668,5676.631,1.002
u_slope_gpt2_surprisal[104],-0.01,0.01,-0.029,0.008,0.0,0.0,13160.493,5978.765,1.001
u_slope_gpt2_surprisal[105],-0.009,0.011,-0.029,0.012,0.0,0.0,13680.889,5924.06,1.0
u_slope_gpt2_surprisal[106],-0.001,0.012,-0.022,0.021,0.0,0.0,14729.457,5999.178,1.002
u_slope_gpt2_surprisal[107],0.007,0.009,-0.01,0.025,0.0,0.0,14185.059,5718.339,1.0
u_slope_gpt2_surprisal[108],-0.01,0.01,-0.028,0.01,0.0,0.0,14823.979,5815.367,1.002
u_slope_gpt2_surprisal[109],-0.009,0.009,-0.027,0.009,0.0,0.0,13195.099,6205.876,1.0
u_slope_gpt2_surprisal[110],0.005,0.009,-0.011,0.021,0.0,0.0,13819.882,6137.384,1.0
u_slope_gpt2_surprisal[111],-0.009,0.011,-0.03,0.012,0.0,0.0,15036.859,5410.802,1.001
u_slope_gpt2_surprisal[112],0.002,0.009,-0.015,0.02,0.0,0.0,13701.507,5580.891,1.0
u_slope_gpt2_surprisal[113],0.021,0.009,0.004,0.037,0.0,0.0,11039.038,5541.466,1.001
u_slope_gpt2_surprisal[114],0.022,0.011,0.002,0.044,0.0,0.0,12107.973,5321.028,1.0
u_slope_gpt2_surprisal[115],-0.005,0.01,-0.024,0.013,0.0,0.0,14512.681,5216.552,1.0
u_slope_gpt2_surprisal[116],-0.013,0.009,-0.029,0.004,0.0,0.0,15040.885,5877.94,1.0
u_slope_gpt2_surprisal[117],0.014,0.009,-0.004,0.031,0.0,0.0,12168.428,5339.45,1.0
u_slope_gpt2_surprisal[118],-0.006,0.01,-0.026,0.013,0.0,0.0,14303.343,5886.33,1.0
u_slope_gpt2_surprisal[119],-0.0,0.01,-0.019,0.018,0.0,0.0,14558.015,5467.58,1.001
u_slope_gpt2_surprisal[120],-0.01,0.01,-0.029,0.009,0.0,0.0,12982.783,6072.041,1.0
u_slope_gpt2_surprisal[121],-0.001,0.01,-0.02,0.016,0.0,0.0,14758.065,5837.841,1.001
u_slope_gpt2_surprisal[122],-0.004,0.008,-0.019,0.012,0.0,0.0,13191.178,5627.732,1.0
u_slope_gpt2_surprisal[123],0.003,0.01,-0.017,0.021,0.0,0.0,11938.574,5778.226,1.0
u_slope_gpt2_surprisal[124],0.011,0.01,-0.008,0.03,0.0,0.0,14682.268,6175.811,1.001
u_slope_gpt2_surprisal[125],-0.0,0.01,-0.019,0.02,0.0,0.0,17352.294,5854.764,1.001
u_slope_gpt2_surprisal[126],-0.009,0.011,-0.03,0.011,0.0,0.0,15045.593,5786.286,1.0
u_slope_gpt2_surprisal[127],0.026,0.01,0.007,0.044,0.0,0.0,11994.288,5550.398,1.001
u_slope_gpt2_surprisal[128],0.009,0.01,-0.011,0.028,0.0,0.0,16201.665,5580.922,1.0
u_slope_gpt2_surprisal[129],0.007,0.01,-0.011,0.025,0.0,0.0,14688.672,5742.748,1.0
u_slope_gpt2_surprisal[130],-0.004,0.013,-0.028,0.019,0.0,0.0,14074.706,5487.956,1.002
u_slope_gpt2_surprisal[131],0.0,0.013,-0.025,0.025,0.0,0.0,15785.978,5913.785,1.001
u_slope_gpt2_surprisal[132],0.004,0.009,-0.014,0.021,0.0,0.0,13489.138,5249.754,1.0
u_slope_gpt2_surprisal[133],0.021,0.011,0.0,0.044,0.0,0.0,11991.627,5873.797,1.0
u_slope_gpt2_surprisal[134],-0.001,0.011,-0.021,0.018,0.0,0.0,14271.931,6333.673,1.001
u_slope_gpt2_surprisal[135],0.002,0.01,-0.017,0.02,0.0,0.0,11658.707,5326.33,1.001
u_slope_gpt2_surprisal[136],0.001,0.008,-0.014,0.018,0.0,0.0,12556.83,5876.133,1.002
u_slope_gpt2_surprisal[137],-0.008,0.009,-0.025,0.009,0.0,0.0,12938.638,5020.729,1.0
u_slope_gpt2_surprisal[138],0.006,0.012,-0.017,0.029,0.0,0.0,15864.475,5716.868,1.002
u_slope_gpt2_surprisal[139],0.004,0.011,-0.017,0.023,0.0,0.0,14403.815,5782.316,1.001
u_slope_gpt2_surprisal[140],-0.002,0.013,-0.026,0.022,0.0,0.0,14829.814,5200.982,1.0
u_slope_gpt2_surprisal[141],0.002,0.01,-0.018,0.02,0.0,0.0,17240.663,6165.641,1.001
u_slope_gpt2_surprisal[142],-0.018,0.011,-0.04,0.001,0.0,0.0,11828.091,5632.549,1.002
u_slope_gpt2_surprisal[143],0.006,0.009,-0.011,0.023,0.0,0.0,13512.287,6072.032,1.001
u_slope_gpt2_surprisal[144],0.0,0.01,-0.019,0.018,0.0,0.0,15519.303,5906.53,1.0
u_slope_gpt2_surprisal[145],-0.01,0.01,-0.028,0.008,0.0,0.0,13717.336,5934.95,1.0
u_slope_gpt2_surprisal[146],0.011,0.011,-0.009,0.031,0.0,0.0,12741.194,5981.829,1.0
u_slope_gpt2_surprisal[147],0.001,0.008,-0.014,0.016,0.0,0.0,14958.641,6249.058,1.0
u_slope_gpt2_surprisal[148],-0.003,0.01,-0.022,0.016,0.0,0.0,14846.934,5662.837,1.001
u_slope_gpt2_surprisal[149],-0.009,0.011,-0.029,0.011,0.0,0.0,13081.091,5590.774,1.0
u_slope_gpt2_surprisal[150],-0.018,0.009,-0.035,-0.0,0.0,0.0,12967.085,6233.204,1.0
u_slope_gpt2_surprisal[151],-0.002,0.01,-0.021,0.016,0.0,0.0,13510.618,5663.291,1.001
u_slope_gpt2_surprisal[152],0.01,0.01,-0.008,0.03,0.0,0.0,13829.569,5378.311,1.001
u_slope_gpt2_surprisal[153],-0.001,0.013,-0.026,0.023,0.0,0.0,11317.747,5607.617,1.0
u_slope_gpt2_surprisal[154],-0.003,0.008,-0.019,0.013,0.0,0.0,15373.246,5973.365,1.0
u_slope_gpt2_surprisal[155],0.004,0.01,-0.014,0.023,0.0,0.0,13691.05,5656.452,1.001
u_slope_gpt2_surprisal[156],-0.003,0.01,-0.023,0.016,0.0,0.0,17492.573,4948.386,1.001
u_slope_gpt2_surprisal[157],-0.005,0.01,-0.023,0.013,0.0,0.0,15157.549,5842.304,1.0
u_slope_gpt2_surprisal[158],-0.009,0.008,-0.025,0.006,0.0,0.0,12187.77,5452.015,1.0
u_slope_gpt2_surprisal[159],-0.001,0.01,-0.019,0.017,0.0,0.0,14674.969,5811.194,1.001
u_slope_gpt2_surprisal[160],0.008,0.01,-0.01,0.027,0.0,0.0,13268.615,5373.739,1.001
u_slope_gpt2_surprisal[161],0.002,0.013,-0.022,0.026,0.0,0.0,14483.62,5307.027,1.0
u_slope_gpt2_surprisal[162],-0.005,0.011,-0.027,0.015,0.0,0.0,15319.397,5406.746,1.0
u_slope_gpt2_surprisal[163],-0.012,0.011,-0.032,0.009,0.0,0.0,14011.143,5357.032,1.001
u_slope_gpt2_surprisal[164],-0.001,0.011,-0.021,0.02,0.0,0.0,17134.144,5573.071,1.001
u_slope_gpt2_surprisal[165],-0.015,0.009,-0.033,0.001,0.0,0.0,13810.747,5733.602,1.001
u_slope_gpt2_surprisal[166],0.034,0.011,0.012,0.055,0.0,0.0,7885.277,5702.53,1.0
u_slope_gpt2_surprisal[167],0.012,0.011,-0.008,0.032,0.0,0.0,12618.941,5709.751,1.001
u_slope_gpt2_surprisal[168],0.003,0.009,-0.015,0.02,0.0,0.0,14639.988,6141.908,1.0
u_slope_gpt2_surprisal[169],0.003,0.011,-0.017,0.022,0.0,0.0,15986.849,6254.695,1.001
u_slope_gpt2_surprisal[170],0.001,0.01,-0.018,0.019,0.0,0.0,13513.816,5728.235,1.001
u_slope_gpt2_surprisal[171],0.017,0.01,-0.001,0.034,0.0,0.0,12810.025,5854.05,1.001
u_slope_gpt2_surprisal[172],-0.006,0.009,-0.022,0.011,0.0,0.0,14340.658,6053.722,1.0
u_slope_gpt2_surprisal[173],-0.001,0.01,-0.019,0.018,0.0,0.0,14579.847,5643.68,1.003
u_slope_gpt2_surprisal[174],-0.003,0.009,-0.02,0.015,0.0,0.0,13765.28,5557.762,1.001
u_slope_gpt2_surprisal[175],-0.004,0.011,-0.024,0.016,0.0,0.0,13697.291,5923.623,1.0
u_slope_gpt2_surprisal[176],-0.004,0.011,-0.024,0.016,0.0,0.0,15967.691,6363.124,1.001
u_slope_gpt2_surprisal[177],-0.001,0.012,-0.024,0.021,0.0,0.0,12376.11,5856.501,1.0
u_slope_gpt2_surprisal[178],0.012,0.01,-0.007,0.03,0.0,0.0,13812.534,5694.202,1.001
u_slope_integration_cost[0],0.0,0.004,-0.007,0.008,0.0,0.0,15543.646,6290.163,1.002
u_slope_integration_cost[1],0.001,0.003,-0.006,0.007,0.0,0.0,10837.3,5725.051,1.001
u_slope_integration_cost[2],0.0,0.003,-0.008,0.007,0.0,0.0,12867.607,6096.134,1.002
u_slope_integration_cost[3],-0.001,0.004,-0.009,0.006,0.0,0.0,10747.107,6145.507,1.001
u_slope_integration_cost[4],0.0,0.004,-0.007,0.007,0.0,0.0,12163.785,6024.103,1.001
u_slope_integration_cost[5],0.0,0.003,-0.006,0.007,0.0,0.0,13299.222,6350.404,1.0
u_slope_integration_cost[6],-0.0,0.004,-0.007,0.008,0.0,0.0,10473.825,5544.327,1.001
u_slope_integration_cost[7],0.0,0.003,-0.007,0.007,0.0,0.0,11616.065,5675.274,1.0
u_slope_integration_cost[8],-0.001,0.004,-0.008,0.006,0.0,0.0,12041.747,6207.462,1.001
u_slope_integration_cost[9],0.0,0.004,-0.007,0.008,0.0,0.0,12134.024,5981.94,1.001
u_slope_integration_cost[10],0.001,0.003,-0.006,0.008,0.0,0.0,12216.712,6778.934,1.0
u_slope_integration_cost[11],0.0,0.003,-0.006,0.008,0.0,0.0,12346.86,6270.802,1.001
u_slope_integration_cost[12],0.0,0.003,-0.007,0.007,0.0,0.0,12290.921,5965.005,1.002
u_slope_integration_cost[13],0.0,0.004,-0.007,0.008,0.0,0.0,13302.319,5769.685,1.001
u_slope_integration_cost[14],-0.001,0.003,-0.008,0.006,0.0,0.0,12282.299,6304.351,1.0
u_slope_integration_cost[15],-0.0,0.003,-0.007,0.007,0.0,0.0,12323.497,5878.078,1.001
u_slope_integration_cost[16],-0.0,0.003,-0.007,0.007,0.0,0.0,11593.069,6072.108,1.001
u_slope_integration_cost[17],-0.0,0.003,-0.007,0.007,0.0,0.0,11525.563,5523.806,1.002
u_slope_integration_cost[18],-0.001,0.004,-0.008,0.007,0.0,0.0,11011.985,5591.265,1.001
u_slope_integration_cost[19],0.001,0.004,-0.006,0.008,0.0,0.0,11635.802,5658.229,1.002
u_slope_integration_cost[20],-0.0,0.003,-0.007,0.007,0.0,0.0,14914.718,5583.369,1.001
u_slope_integration_cost[21],-0.0,0.003,-0.007,0.007,0.0,0.0,12849.596,6837.359,1.001
u_slope_integration_cost[22],0.001,0.004,-0.007,0.008,0.0,0.0,12202.244,5476.048,1.001
u_slope_integration_cost[23],0.0,0.003,-0.006,0.008,0.0,0.0,12881.188,6680.781,1.001
u_slope_integration_cost[24],-0.0,0.003,-0.007,0.007,0.0,0.0,13008.866,6265.449,1.001
u_slope_integration_cost[25],0.0,0.003,-0.007,0.007,0.0,0.0,14277.411,5909.42,1.001
u_slope_integration_cost[26],0.002,0.004,-0.005,0.011,0.0,0.0,8073.503,6051.22,1.0
u_slope_integration_cost[27],-0.0,0.004,-0.008,0.007,0.0,0.0,10559.222,5534.131,1.001
u_slope_integration_cost[28],-0.0,0.003,-0.007,0.007,0.0,0.0,14131.346,6314.392,1.001
u_slope_integration_cost[29],-0.0,0.003,-0.007,0.007,0.0,0.0,13938.222,6164.429,1.003
u_slope_integration_cost[30],0.0,0.003,-0.007,0.007,0.0,0.0,13778.36,6084.722,1.001
u_slope_integration_cost[31],-0.0,0.003,-0.008,0.006,0.0,0.0,13213.818,5659.071,1.001
u_slope_integration_cost[32],0.001,0.004,-0.005,0.009,0.0,0.0,10411.692,6195.18,1.0
u_slope_integration_cost[33],0.001,0.004,-0.006,0.009,0.0,0.0,8592.648,6225.948,1.001
u_slope_integration_cost[34],-0.0,0.003,-0.007,0.006,0.0,0.0,15016.393,6017.986,1.0
u_slope_integration_cost[35],-0.0,0.003,-0.007,0.006,0.0,0.0,11988.618,5699.779,1.0
u_slope_integration_cost[36],0.001,0.004,-0.006,0.009,0.0,0.0,10899.425,5903.576,1.0
u_slope_integration_cost[37],-0.001,0.004,-0.008,0.006,0.0,0.0,10862.871,6024.706,1.001
u_slope_integration_cost[38],0.001,0.004,-0.006,0.009,0.0,0.0,10366.472,5414.029,1.001
u_slope_integration_cost[39],-0.0,0.004,-0.007,0.008,0.0,0.0,13470.574,6102.66,1.001
u_slope_integration_cost[40],-0.0,0.004,-0.007,0.007,0.0,0.0,13111.941,6150.821,1.0
u_slope_integration_cost[41],0.0,0.004,-0.007,0.008,0.0,0.0,13368.718,5978.976,1.001
u_slope_integration_cost[42],-0.001,0.003,-0.008,0.006,0.0,0.0,11426.062,6087.107,1.001
u_slope_integration_cost[43],-0.001,0.004,-0.008,0.006,0.0,0.0,10588.062,5908.931,1.0
u_slope_integration_cost[44],0.001,0.004,-0.006,0.008,0.0,0.0,10002.091,5772.421,1.001
u_slope_integration_cost[45],0.0,0.003,-0.006,0.008,0.0,0.0,13435.51,5971.511,1.0
u_slope_integration_cost[46],0.001,0.003,-0.006,0.008,0.0,0.0,11454.788,6076.85,1.001
u_slope_integration_cost[47],-0.001,0.004,-0.01,0.005,0.0,0.0,8554.344,6017.713,1.0
u_slope_integration_cost[48],-0.0,0.004,-0.008,0.007,0.0,0.0,14186.965,5574.416,1.001
u_slope_integration_cost[49],0.001,0.004,-0.006,0.008,0.0,0.0,13344.591,6429.61,1.001
u_slope_integration_cost[50],0.0,0.003,-0.007,0.008,0.0,0.0,11065.819,6082.792,1.001
u_slope_integration_cost[51],-0.0,0.003,-0.007,0.007,0.0,0.0,13251.117,6135.536,1.001
u_slope_integration_cost[52],-0.0,0.004,-0.008,0.007,0.0,0.0,10281.288,5415.853,1.001
u_slope_integration_cost[53],-0.002,0.004,-0.01,0.005,0.0,0.0,8375.194,5478.999,1.0
u_slope_integration_cost[54],0.0,0.004,-0.007,0.008,0.0,0.0,12807.446,5857.38,1.001
u_slope_integration_cost[55],-0.001,0.003,-0.008,0.006,0.0,0.0,11846.642,6410.456,1.0
u_slope_integration_cost[56],-0.0,0.004,-0.007,0.007,0.0,0.0,13034.165,6116.39,1.001
u_slope_integration_cost[57],-0.0,0.004,-0.008,0.006,0.0,0.0,14762.355,5840.873,1.001
u_slope_integration_cost[58],-0.0,0.004,-0.009,0.006,0.0,0.0,13165.745,6445.325,1.001
u_slope_integration_cost[59],-0.002,0.004,-0.01,0.005,0.0,0.0,8021.221,5404.377,1.0
u_slope_integration_cost[60],0.002,0.004,-0.004,0.011,0.0,0.0,6567.19,6011.511,1.001
u_slope_integration_cost[61],-0.0,0.004,-0.008,0.007,0.0,0.0,12389.35,5835.913,1.0
u_slope_integration_cost[62],-0.0,0.004,-0.008,0.007,0.0,0.0,13485.489,6227.848,1.001
u_slope_integration_cost[63],-0.0,0.004,-0.008,0.007,0.0,0.0,13145.715,6090.293,1.001
u_slope_integration_cost[64],-0.001,0.004,-0.009,0.006,0.0,0.0,9945.5,5711.761,1.0
u_slope_integration_cost[65],0.0,0.003,-0.006,0.008,0.0,0.0,11778.035,6218.161,1.0
u_slope_integration_cost[66],0.001,0.004,-0.006,0.008,0.0,0.0,12872.579,6684.95,1.001
u_slope_integration_cost[67],-0.001,0.004,-0.009,0.005,0.0,0.0,9116.908,6064.697,1.0
u_slope_integration_cost[68],0.002,0.004,-0.004,0.011,0.0,0.0,6492.769,6481.7,1.0
u_slope_integration_cost[69],-0.0,0.004,-0.008,0.007,0.0,0.0,15170.835,6187.934,1.001
u_slope_integration_cost[70],0.001,0.004,-0.006,0.009,0.0,0.0,10591.169,5976.645,1.0
u_slope_integration_cost[71],0.0,0.003,-0.007,0.007,0.0,0.0,11024.063,6086.324,1.0
u_slope_integration_cost[72],0.0,0.003,-0.007,0.007,0.0,0.0,12618.331,6418.7,1.0
u_slope_integration_cost[73],0.001,0.003,-0.005,0.009,0.0,0.0,8385.444,6524.513,1.001
u_slope_integration_cost[74],0.001,0.003,-0.006,0.008,0.0,0.0,9890.158,5723.694,1.001
u_slope_integration_cost[75],-0.001,0.004,-0.009,0.007,0.0,0.0,10004.46,5338.494,1.001
u_slope_integration_cost[76],0.0,0.003,-0.007,0.007,0.0,0.0,12085.921,5955.861,1.001
u_slope_integration_cost[77],-0.0,0.003,-0.008,0.006,0.0,0.0,14350.319,6167.192,1.001
u_slope_integration_cost[78],0.0,0.003,-0.007,0.007,0.0,0.0,13782.323,5872.498,1.0
u_slope_integration_cost[79],-0.001,0.004,-0.008,0.006,0.0,0.0,11841.181,5967.826,1.001
u_slope_integration_cost[80],0.001,0.004,-0.006,0.008,0.0,0.0,10306.679,5852.568,1.0
u_slope_integration_cost[81],-0.0,0.003,-0.008,0.006,0.0,0.0,12772.652,5485.505,1.0
u_slope_integration_cost[82],0.0,0.003,-0.007,0.008,0.0,0.0,13573.015,6325.402,1.0
u_slope_integration_cost[83],-0.001,0.003,-0.007,0.006,0.0,0.0,11451.75,6198.265,1.001
u_slope_integration_cost[84],-0.0,0.003,-0.007,0.006,0.0,0.0,12600.882,6607.174,1.001
u_slope_integration_cost[85],-0.0,0.004,-0.008,0.007,0.0,0.0,12762.36,5448.72,1.001
u_slope_integration_cost[86],-0.0,0.003,-0.008,0.006,0.0,0.0,12653.901,5218.931,1.001
u_slope_integration_cost[87],-0.0,0.004,-0.008,0.007,0.0,0.0,12371.41,6205.079,1.001
u_slope_integration_cost[88],0.0,0.003,-0.007,0.007,0.0,0.0,11853.91,6117.761,1.002
u_slope_integration_cost[89],0.0,0.003,-0.006,0.008,0.0,0.0,12368.587,5705.208,1.001
u_slope_integration_cost[90],-0.001,0.003,-0.008,0.006,0.0,0.0,10718.663,5647.573,1.001
u_slope_integration_cost[91],-0.0,0.003,-0.007,0.007,0.0,0.0,14435.941,5736.369,1.001
u_slope_integration_cost[92],0.001,0.004,-0.005,0.009,0.0,0.0,10578.377,5955.736,1.001
u_slope_integration_cost[93],0.0,0.004,-0.007,0.008,0.0,0.0,13397.874,6017.444,1.001
u_slope_integration_cost[94],0.001,0.004,-0.005,0.009,0.0,0.0,10836.208,6109.922,1.001
u_slope_integration_cost[95],0.0,0.003,-0.006,0.008,0.0,0.0,12814.983,6129.832,1.0
u_slope_integration_cost[96],0.0,0.004,-0.006,0.008,0.0,0.0,10288.536,5837.963,1.001
u_slope_integration_cost[97],-0.0,0.003,-0.007,0.007,0.0,0.0,13591.213,6391.022,1.001
u_slope_integration_cost[98],0.002,0.004,-0.004,0.011,0.0,0.0,7030.804,6002.22,1.0
u_slope_integration_cost[99],0.0,0.003,-0.006,0.007,0.0,0.0,12376.327,5884.682,1.0
u_slope_integration_cost[100],0.001,0.004,-0.007,0.008,0.0,0.0,13374.76,6215.069,1.0
u_slope_integration_cost[101],-0.0,0.003,-0.008,0.006,0.0,0.0,12387.138,5888.38,1.001
u_slope_integration_cost[102],0.0,0.004,-0.007,0.008,0.0,0.0,10278.256,5427.8,1.001
u_slope_integration_cost[103],-0.001,0.004,-0.009,0.005,0.0,0.0,10068.281,6032.359,1.001
u_slope_integration_cost[104],-0.0,0.003,-0.008,0.006,0.0,0.0,13997.945,5664.984,1.001
u_slope_integration_cost[105],-0.001,0.004,-0.008,0.006,0.0,0.0,13198.603,6401.264,1.002
u_slope_integration_cost[106],0.0,0.004,-0.007,0.007,0.0,0.0,11366.229,5787.287,1.001
u_slope_integration_cost[107],-0.001,0.003,-0.008,0.006,0.0,0.0,12206.78,5798.985,1.002
u_slope_integration_cost[108],-0.001,0.004,-0.008,0.006,0.0,0.0,11187.024,6657.521,1.0
u_slope_integration_cost[109],-0.001,0.003,-0.008,0.006,0.0,0.0,11485.538,6222.592,1.002
u_slope_integration_cost[110],0.001,0.003,-0.006,0.008,0.0,0.0,11413.138,6426.479,1.002
u_slope_integration_cost[111],-0.001,0.003,-0.007,0.006,0.0,0.0,12650.143,6274.748,1.001
u_slope_integration_cost[112],-0.0,0.003,-0.008,0.006,0.0,0.0,11910.566,6454.239,1.001
u_slope_integration_cost[113],0.0,0.004,-0.006,0.008,0.0,0.0,10383.415,6233.251,1.001
u_slope_integration_cost[114],0.001,0.004,-0.005,0.009,0.0,0.0,9905.392,6172.535,1.0
u_slope_integration_cost[115],0.001,0.003,-0.006,0.008,0.0,0.0,15288.898,6310.736,1.001
u_slope_integration_cost[116],0.001,0.003,-0.006,0.008,0.0,0.0,11995.225,5849.577,1.001
u_slope_integration_cost[117],-0.001,0.004,-0.008,0.006,0.0,0.0,11925.442,5550.767,1.001
u_slope_integration_cost[118],-0.001,0.004,-0.008,0.007,0.0,0.0,11914.43,5697.473,1.001
u_slope_integration_cost[119],-0.001,0.004,-0.009,0.006,0.0,0.0,11086.87,6479.974,1.001
u_slope_integration_cost[120],-0.0,0.003,-0.008,0.006,0.0,0.0,15113.507,6143.837,1.001
u_slope_integration_cost[121],-0.0,0.003,-0.007,0.007,0.0,0.0,12669.848,6096.306,1.001
u_slope_integration_cost[122],-0.001,0.004,-0.009,0.005,0.0,0.0,10161.506,6159.316,1.0
u_slope_integration_cost[123],-0.0,0.004,-0.008,0.007,0.0,0.0,12462.043,6213.583,1.0
u_slope_integration_cost[124],-0.0,0.004,-0.007,0.007,0.0,0.0,13511.931,5043.405,1.001
u_slope_integration_cost[125],0.002,0.004,-0.004,0.011,0.0,0.0,5766.786,6256.191,1.0
u_slope_integration_cost[126],0.0,0.004,-0.007,0.008,0.0,0.0,12827.965,6028.009,1.001
u_slope_integration_cost[127],0.002,0.004,-0.005,0.01,0.0,0.0,8419.125,6099.016,1.001
u_slope_integration_cost[128],0.0,0.004,-0.007,0.007,0.0,0.0,12072.991,6419.614,1.001
u_slope_integration_cost[129],0.0,0.003,-0.007,0.008,0.0,0.0,11298.739,5512.262,1.001
u_slope_integration_cost[130],0.0,0.004,-0.008,0.007,0.0,0.0,14461.523,6102.851,1.001
u_slope_integration_cost[131],0.0,0.004,-0.007,0.007,0.0,0.0,10019.229,5929.109,1.002
u_slope_integration_cost[132],-0.0,0.003,-0.007,0.007,0.0,0.0,12206.255,6280.266,1.001
u_slope_integration_cost[133],0.0,0.003,-0.007,0.007,0.0,0.0,13281.164,5938.041,1.001
u_slope_integration_cost[134],0.0,0.003,-0.006,0.008,0.0,0.0,10723.38,5875.525,1.001
u_slope_integration_cost[135],-0.0,0.003,-0.008,0.006,0.0,0.0,12838.378,6251.813,1.002
u_slope_integration_cost[136],-0.001,0.004,-0.009,0.005,0.0,0.0,9471.584,5937.934,1.001
u_slope_integration_cost[137],0.001,0.004,-0.006,0.008,0.0,0.0,10053.896,5825.478,1.0
u_slope_integration_cost[138],-0.0,0.004,-0.008,0.007,0.0,0.0,12792.944,6092.816,1.001
u_slope_integration_cost[139],0.001,0.004,-0.005,0.009,0.0,0.0,9351.122,6083.673,1.0
u_slope_integration_cost[140],-0.0,0.004,-0.007,0.007,0.0,0.0,12961.299,6064.433,1.001
u_slope_integration_cost[141],-0.0,0.003,-0.008,0.006,0.0,0.0,12774.587,6255.514,1.001
u_slope_integration_cost[142],-0.001,0.004,-0.009,0.005,0.0,0.0,8462.336,5617.693,1.001
u_slope_integration_cost[143],0.001,0.004,-0.006,0.009,0.0,0.0,11279.231,6190.631,1.0
u_slope_integration_cost[144],0.0,0.003,-0.007,0.007,0.0,0.0,15070.939,6430.561,1.001
u_slope_integration_cost[145],-0.001,0.004,-0.008,0.006,0.0,0.0,11394.755,5782.634,1.001
u_slope_integration_cost[146],0.0,0.003,-0.007,0.007,0.0,0.0,13907.776,6022.7,1.002
u_slope_integration_cost[147],0.001,0.003,-0.005,0.009,0.0,0.0,9878.136,6117.851,1.0
u_slope_integration_cost[148],-0.0,0.003,-0.007,0.007,0.0,0.0,10690.345,5994.962,1.0
u_slope_integration_cost[149],-0.0,0.003,-0.007,0.007,0.0,0.0,11593.886,6139.556,1.001
u_slope_integration_cost[150],-0.001,0.004,-0.009,0.005,0.0,0.0,8530.783,6245.601,1.001
u_slope_integration_cost[151],0.001,0.004,-0.006,0.009,0.0,0.0,11153.163,5925.402,1.0
u_slope_integration_cost[152],0.0,0.003,-0.007,0.007,0.0,0.0,13947.63,6232.475,1.0
u_slope_integration_cost[153],0.0,0.004,-0.007,0.008,0.0,0.0,12511.68,6011.944,1.001
u_slope_integration_cost[154],0.001,0.003,-0.005,0.008,0.0,0.0,10812.672,5905.394,1.001
u_slope_integration_cost[155],-0.001,0.004,-0.009,0.005,0.0,0.0,9938.616,6190.423,1.001
u_slope_integration_cost[156],-0.0,0.004,-0.008,0.006,0.0,0.0,11553.442,6013.65,1.0
u_slope_integration_cost[157],0.0,0.003,-0.007,0.006,0.0,0.0,13095.117,5890.801,1.002
u_slope_integration_cost[158],0.0,0.003,-0.007,0.007,0.0,0.0,12577.06,6517.772,1.001
u_slope_integration_cost[159],-0.001,0.003,-0.008,0.006,0.0,0.0,11428.966,6147.675,1.001
u_slope_integration_cost[160],-0.0,0.003,-0.008,0.006,0.0,0.0,12596.798,6132.14,1.001
u_slope_integration_cost[161],-0.0,0.004,-0.008,0.007,0.0,0.0,12437.302,6058.178,1.0
u_slope_integration_cost[162],0.0,0.004,-0.007,0.008,0.0,0.0,13363.058,5517.364,1.001
u_slope_integration_cost[163],-0.0,0.003,-0.007,0.007,0.0,0.0,13452.243,6345.576,1.001
u_slope_integration_cost[164],0.0,0.004,-0.007,0.008,0.0,0.0,10467.667,5661.828,1.001
u_slope_integration_cost[165],-0.003,0.004,-0.012,0.003,0.0,0.0,5464.372,5631.459,1.0
u_slope_integration_cost[166],0.0,0.004,-0.006,0.008,0.0,0.0,10500.484,5999.05,1.002
u_slope_integration_cost[167],0.0,0.004,-0.007,0.008,0.0,0.0,12213.5,5890.394,1.001
u_slope_integration_cost[168],-0.0,0.003,-0.007,0.007,0.0,0.0,12443.084,6051.88,1.001
u_slope_integration_cost[169],-0.001,0.004,-0.008,0.006,0.0,0.0,12963.181,6482.917,1.0
u_slope_integration_cost[170],-0.001,0.004,-0.008,0.006,0.0,0.0,11363.688,5916.017,1.001
u_slope_integration_cost[171],-0.0,0.003,-0.008,0.006,0.0,0.0,13702.197,6364.497,1.001
u_slope_integration_cost[172],-0.001,0.004,-0.01,0.005,0.0,0.0,8940.944,5500.185,1.0
u_slope_integration_cost[173],0.002,0.004,-0.005,0.01,0.0,0.0,9161.947,6593.027,1.0
u_slope_integration_cost[174],0.001,0.003,-0.006,0.008,0.0,0.0,10533.99,6503.163,1.002
u_slope_integration_cost[175],0.0,0.003,-0.007,0.007,0.0,0.0,11279.93,5854.454,1.0
u_slope_integration_cost[176],-0.001,0.004,-0.008,0.006,0.0,0.0,13371.432,5576.108,1.001
u_slope_integration_cost[177],-0.0,0.004,-0.008,0.007,0.0,0.0,14852.793,6266.91,1.001
u_slope_integration_cost[178],-0.002,0.004,-0.01,0.005,0.0,0.0,8774.346,6340.956,1.001
